11001,宗谷,宗谷岬,ソウヤミサキ,稚内市宗谷岬,45,31.2,141,56.1
11016,宗谷,稚内,ワッカナイ,稚内市開運　稚内地方気象台,45,24.9,141,40.7
11046,宗谷,礼文,レブン,礼文郡礼文町大字香深村字トンナイ,45,18.3,141,2.7
11061,宗谷,声問,コエトイ,稚内市大字声問村字声問　稚内航空気象観測所,45,24.2,141,48
11076,宗谷,浜鬼志別,ハマオニシベツ,宗谷郡猿払村浜鬼志別,45,20.1,142,10.2
11091,宗谷,本泊,モトドマリ,利尻郡利尻富士町鴛泊字本泊　利尻航空気象観測所,45,14.5,141,11.2
11121,宗谷,沼川,ヌマカワ,稚内市声問村字沼川,45,14.9,141,51.1
11151,宗谷,沓形,クツガタ,利尻郡利尻町沓形字泉町,45,10.7,141,8.3
11176,宗谷,豊富,トヨトミ,天塩郡豊富町字上サロベツ,45,6.4,141,45.9
11206,宗谷,浜頓別,ハマトンベツ,枝幸郡浜頓別町クッチャロ湖畔,45,7.5,142,21
11276,宗谷,中頓別,ナカトンベツ,枝幸郡中頓別町上駒,44,57.9,142,16.8
11291,宗谷,北見枝幸,キタミエサシ,枝幸郡枝幸町本町　北見枝幸特別地域気象観測所,44,56.4,142,35.1
11316,宗谷,歌登,ウタノボリ,枝幸郡枝幸町歌登東町,44,50.5,142,28.8
13011,宗谷,幌延,ホロノベ,天塩郡幌延町字上幌延,45,0.4,141,51.1
12011,上川,中川,ナカガワ,中川郡中川町中川,44,49.7,142,4.6
12041,上川,音威子府,オトイネップ,中川郡音威子府村音威子府,44,43.6,142,15.9
12066,上川,小車,オグルマ,中川郡美深町字小車,44,36.5,142,17.7
12141,上川,美深,ビフカ,中川郡美深町西町,44,28.8,142,20.5
12181,上川,名寄,ナヨロ,名寄市大橋,44,22.2,142,27.4
12217,上川,西風連,ニシフウレン,名寄市風連町西風連,44,17.7,142,21.5
12231,上川,下川,シモカワ,上川郡下川町西町,44,18.1,142,37.4
12256,上川,剣淵,ケンブチ,上川郡剣淵町旭町,44,6.4,142,21.2
12261,上川,士別,シベツ,士別市武徳町,44,11.2,142,25
12266,上川,朝日,アサヒ,士別市朝日町中央,44,7.1,142,35.7
12301,上川,和寒,ワッサム,上川郡和寒町字日ノ出,44,1.7,142,24.6
12386,上川,江丹別,エタンベツ,旭川市江丹別町芳野,43,52.2,142,15.6
12396,上川,比布,ピップ,上川郡比布町北町,43,52.5,142,28.8
12411,上川,上川,カミカワ,上川郡上川町栄町,43,50.8,142,45.2
12442,上川,旭川,アサヒカワ,旭川市宮前1条　旭川地方気象台,43,45.4,142,22.3
12451,上川,東川,ヒガシカワ,上川郡東川町北町,43,42.1,142,30.5
12457,上川,瑞穂,ミズホ,旭川市東旭川町瑞穂,43,44.2,142,38.3
12471,上川,層雲峡,ソウウンキョウ,上川郡上川町層雲峡高山,43,45.2,142,55.8
12501,上川,東神楽,ヒガシカグラ,上川郡東神楽町東2線　旭川航空気象観測所,43,40.2,142,26.8
12512,上川,志比内,シビナイ,上川郡東神楽町志比内,43,38.6,142,34.9
12551,上川,美瑛,ビエイ,上川郡美瑛町原野5線,43,35.3,142,29.6
12596,上川,上富良野,カミフラノ,空知郡上富良野町大町,43,27.3,142,27.9
12607,上川,白金,シロガネ,上川郡美瑛町白金,43,28.5,142,39
12626,上川,富良野,フラノ,富良野市東町,43,20,142,24
12632,上川,麓郷,ロクゴウ,富良野市麓郷市街地,43,18.1,142,31.3
12686,上川,金山,カナヤマ,空知郡南富良野町金山地先,43,8.3,142,25
12691,上川,幾寅,イクトラ,空知郡南富良野町幾寅,43,10.1,142,34.1
12746,上川,占冠,シムカップ,勇払郡占冠村シムカップ,42,58.7,142,23.7
15041,上川,朱鞠内,シュマリナイ,雨竜郡幌加内町朱鞠内,44,16.9,142,9.7
15076,上川,幌加内,ホロカナイ,雨竜郡幌加内町幌加内,44,0.6,142,9.6
13061,留萌,天塩,テシオ,天塩郡天塩町川口,44,53.6,141,45.7
13086,留萌,遠別,エンベツ,天塩郡遠別町幸和,44,43.1,141,48.4
13121,留萌,初山別,ショサンベツ,苫前郡初山別村初山別,44,31.4,141,46.2
13146,留萌,焼尻,ヤギシリ,苫前郡羽幌町焼尻白浜,44,25.7,141,25.3
13181,留萌,羽幌,ハボロ,苫前郡羽幌町南3条　羽幌特別地域気象観測所,44,21.8,141,42
13206,留萌,古丹別,コタンベツ,苫前郡苫前町古丹別,44,15.9,141,43.3
13261,留萌,達布,タップ,留萌郡小平町達布,44,2.9,141,51.4
13277,留萌,留萌,ルモイ,留萌市大町　留萌特別地域気象観測所,43,56.7,141,37.9
13311,留萌,増毛,マシケ,増毛郡増毛町別苅,43,50.9,141,30.6
13321,留萌,幌糠,ホロヌカ,留萌市幌糠町,43,51.2,141,45.6
14026,石狩,浜益,ハママス,石狩市浜益区川下,43,34.9,141,23.2
14071,石狩,厚田,アツタ,石狩市厚田区別狩,43,23.8,141,26.2
14101,石狩,新篠津,シンシノツ,石狩郡新篠津村第46線北,43,13.2,141,38.7
14116,石狩,山口,ヤマグチ,札幌市手稲区手稲山口,43,8.9,141,13.3
14121,石狩,石狩,イシカリ,石狩市生振,43,11.6,141,22.2
14136,石狩,江別,エベツ,江別市江別太,43,6.6,141,36.1
14157,石狩,手稲山,テイネヤマ,札幌市手稲区手稲金山,43,5,141,12.1
14163,石狩,札幌,サッポロ,札幌市中央区北2条西　札幌管区気象台,43,3.6,141,19.7
14191,石狩,小金湯,コガネユ,札幌市南区小金湯,42,57.8,141,13
14206,石狩,恵庭島松,エニワシママツ,恵庭市下島松,42,55.6,141,33.9
14286,石狩,支笏湖畔,シコツコハン,千歳市支笏湖温泉番外地,42,46.3,141,24.4
14296,石狩,千歳,チトセ,千歳市美々　新千歳航空測候所,42,46.5,141,41.5
15116,空知,石狩沼田,イシカリヌマタ,雨竜郡沼田町緑町,43,48.9,141,55.6
15161,空知,深川,フカガワ,深川市一已町一已,43,43.1,142,4.4
15197,空知,雨竜,ウリュウ,雨竜郡雨竜町字満寿,43,39.6,141,53.5
15216,空知,新城,シンジョウ,芦別市新城,43,36.7,142,12.2
15231,空知,空知吉野,ソラチヨシノ,樺戸郡新十津川町吉野,43,35.7,141,43.9
15241,空知,滝川,タキカワ,滝川市南滝の川,43,34.2,141,56.3
15247,空知,赤平,アカビラ,赤平市東豊里町,43,33.2,142,4
15251,空知,芦別,アシベツ,芦別市北2条東,43,31.2,142,11.4
15276,空知,浦臼,ウラウス,樺戸郡浦臼町浦臼内,43,25.7,141,48.5
15311,空知,月形,ツキガタ,樺戸郡月形町知来乙,43,19.8,141,37
15321,空知,美唄,ビバイ,美唄市北美唄町二区,43,21.8,141,49.6
15356,空知,岩見沢,イワミザワ,岩見沢市5条東　岩見沢特別地域気象観測所,43,12.7,141,47.1
15391,空知,栗沢,クリサワ,岩見沢市栗沢町東本町,43,7.3,141,44.7
15431,空知,長沼,ナガヌマ,夕張郡長沼町本町北,43,0.7,141,41.6
15442,空知,夕張,ユウバリ,夕張市鹿の谷山手町,43,2.3,141,57.4
15451,空知,鹿島,カシマ,夕張市鹿島富士見町,43,4.8,142,6
15491,空知,沼の沢,ヌマノサワ,夕張市沼の沢,42,57.6,142,1.2
16026,後志,美国,ビクニ,積丹郡積丹町美国町字船澗,43,16.3,140,33.8
16061,後志,神恵内,カモエナイ,古宇郡神恵内村大字神恵内村,43,8.7,140,25.4
16076,後志,余市,ヨイチ,余市郡余市町豊丘町,43,10.9,140,45.5
16091,後志,小樽,オタル,小樽市勝納町　小樽特別地域気象観測所,43,10.9,141,0.9
16126,後志,赤井川,アカイガワ,余市郡赤井川村赤井川,43,5,140,49.2
16156,後志,共和,キョウワ,岩内郡共和町南幌似,42,58.8,140,36.2
16206,後志,蘭越,ランコシ,磯谷郡蘭越町蘭越,42,48.6,140,32.5
16217,後志,倶知安,クッチャン,虻田郡倶知安町南1条東　倶知安特別地域気象観測所,42,54,140,45.4
16252,後志,寿都,スッツ,寿都郡寿都町新栄町　寿都特別地域気象観測所,42,47.7,140,13.4
16272,後志,ニセコ,ニセコ,虻田郡ニセコ町字宮田,42,46.7,140,40
16281,後志,真狩,マッカリ,虻田郡真狩村美原,42,46.5,140,52.8
16286,後志,喜茂別,キモベツ,虻田郡喜茂別町伏見,42,47.6,140,56.9
16321,後志,黒松内,クロマツナイ,寿都郡黒松内町黒松内,42,39.8,140,18.6
17036,オホーツク,雄武,オウム,紋別郡雄武町雄武　雄武特別地域気象観測所,44,34.8,142,57.8
17076,オホーツク,興部,オコッペ,紋別郡興部町興部,44,28.2,143,6.5
17091,オホーツク,西興部,ニシオコッペ,紋別郡西興部村西興部,44,19.9,142,56.1
17112,オホーツク,紋別,モンベツ,紋別市南が丘町　紋別特別地域気象観測所,44,20.7,143,21.3
17116,オホーツク,紋別小向,モンベツコムカイ,紋別市小向　紋別航空気象観測所,44,18.2,143,24.2
17166,オホーツク,湧別,ユウベツ,紋別郡湧別町東,44,12.8,143,37.1
17196,オホーツク,滝上,タキノウエ,紋別郡滝上町滝ノ上原野5線南,44,10.6,143,3.7
17211,オホーツク,上藻別,カミモベツ,紋別市上藻別,44,11.3,143,20.2
17246,オホーツク,常呂,トコロ,北見市常呂町字岐阜,44,6.9,144,2.2
17306,オホーツク,遠軽,エンガル,紋別郡遠軽町東町,44,3.2,143,32.4
17316,オホーツク,佐呂間,サロマ,常呂郡佐呂間町西富,44,1.1,143,45.6
17341,オホーツク,網走,アバシリ,網走市台町　網走地方気象台,44,1,144,16.7
17351,オホーツク,宇登呂,ウトロ,斜里郡斜里町ウトロ高原,44,3.1,144,58.9
17386,オホーツク,丸瀬布,マルセップ,紋別郡遠軽町丸瀬布武利,43,57.1,143,19.7
17482,オホーツク,白滝,シラタキ,紋別郡遠軽町白滝北支湧別,43,51.9,143,9.2
17501,オホーツク,生田原,イクタハラ,紋別郡遠軽町生田原,43,55,143,31.9
17512,オホーツク,仁頃山,ニコロヤマ,北見市富里,43,51.6,143,44.8
17521,オホーツク,北見,キタミ,北見市広郷,43,46.6,143,50.5
17531,オホーツク,女満別,メマンベツ,網走郡大空町女満別中央　女満別航空気象観測所,43,52.8,144,9.8
17541,オホーツク,東藻琴,ヒガシモコト,網走郡大空町東藻琴,43,50.4,144,17.1
17546,オホーツク,小清水,コシミズ,斜里郡小清水町字泉,43,50.5,144,29.1
17561,オホーツク,斜里,シャリ,斜里郡斜里町以久科南,43,53.1,144,42
17596,オホーツク,留辺蘂,ルベシベ,北見市留辺蘂町大和,43,44.5,143,27
17607,オホーツク,境野,サカイノ,常呂郡置戸町豊住,43,42.4,143,38.6
17631,オホーツク,美幌,ビホロ,網走郡美幌町福住,43,46.2,144,10.3
17642,オホーツク,山園,ヤマゾノ,網走郡大空町東藻琴山園,43,44.6,144,20.2
17686,オホーツク,置戸常元,オケトツネモト,常呂郡置戸町常元,43,37.2,143,26.4
17717,オホーツク,津別,ツベツ,網走郡津別町豊永,43,42.1,144,2
17776,オホーツク,津別二又,ツベツフタマタ,網走郡津別町二又,43,35,143,51.9
18038,根室,羅臼,ラウス,目梨郡羅臼町栄町,44,1.4,145,11.2
18091,根室,糸櫛別,イトクシベツ,標津郡標津町川北糸櫛別,43,43.3,144,59.3
18136,根室,標津,シベツ,標津郡標津町北2条西,43,39.7,145,7.9
18161,根室,上標津,カミシベツ,標津郡中標津町字上標津,43,31.2,144,44.8
18171,根室,中標津,ナカシベツ,標津郡中標津町桜ケ丘,43,32.6,144,58.7
18174,根室,根室中標津,ネムロナカシベツ,標津郡中標津町字中標津　中標津航空気象観測所,43,34.6,144,57.6
18256,根室,別海,ベツカイ,野付郡別海町川上町,43,22.9,145,7.1
18273,根室,根室,ネムロ,根室市弥栄町　根室特別地域気象観測所,43,19.8,145,35.1
18281,根室,納沙布,ノサップ,根室市温根元,43,23.6,145,45.5
18311,根室,厚床,アットコ,根室市西厚床,43,13.3,145,13.6
19021,釧路,川湯,カワユ,川上郡弟子屈町川湯駅前,43,37,144,27.4
19051,釧路,弟子屈,テシカガ,川上郡弟子屈町弟子屈原野,43,30.6,144,28
19076,釧路,阿寒湖畔,アカンコハン,釧路市阿寒町阿寒湖温泉,43,26.2,144,5.1
19151,釧路,標茶,シベチャ,川上郡標茶町開運,43,17.5,144,35.2
19191,釧路,鶴居,ツルイ,阿寒郡鶴居村鶴居東,43,13.9,144,19.5
19261,釧路,中徹別,ナカテシベツ,釧路市阿寒町徹別原野34線,43,11.9,144,8.5
19281,釧路,塘路,トウロ,川上郡標茶町塘路,43,8.9,144,29.8
19301,釧路,茶内原野,チャナイゲンヤ,厚岸郡浜中町茶内西13線,43,10.4,144,58
19311,釧路,榊町,サカキマチ,厚岸郡浜中町榊町,43,7.2,145,6.6
19346,釧路,阿寒,アカン,釧路市阿寒町中央,43,6.8,144,7.4
19347,釧路,鶴丘,ツルオカ,釧路市鶴丘　釧路航空気象観測所,43,2.4,144,11.5
19376,釧路,太田,オオタ,厚岸郡厚岸町太田,43,5.4,144,46.7
19406,釧路,二俣,フタマタ,釧路市音別町音別原野基線,42,58.3,143,52.5
19416,釧路,白糠,シラヌカ,白糠郡白糠町茶路西1線,42,58.2,144,3.7
19432,釧路,釧路,クシロ,釧路市幸町　釧路地方気象台,42,59.1,144,22.6
19451,釧路,知方学,チッポマナイ,釧路郡釧路町仙鳳趾村知方学,42,56.3,144,44.1
20047,十勝,三股,ミツマタ,河東郡上士幌町三股,43,30.6,143,8.9
20071,十勝,小利別,ショウトシベツ,足寄郡陸別町小利別本通東1条,43,35.3,143,40.8
20146,十勝,陸別,リクベツ,足寄郡陸別町陸別原野分線,43,28.1,143,44.3
20186,十勝,ぬかびら源泉郷,ヌカビラゲンセンキョウ,河東郡上士幌町ぬかびら源泉郷北区,43,22,143,11.5
20202,十勝,柏倉,カシワクラ,足寄郡足寄町喜登牛,43,21.7,143,27.5
20222,十勝,上螺湾,カミラワン,足寄郡足寄町上螺湾,43,19.1,143,48.1
20266,十勝,上士幌,カミシホロ,河東郡上士幌町東4線,43,14.1,143,18.2
20276,十勝,足寄,アショロ,足寄郡足寄町南1条,43,14.6,143,33.2
20331,十勝,押帯,オショップ,中川郡本別町押帯,43,6.9,143,26.6
20341,十勝,本別,ホンベツ,中川郡本別町新町,43,7.9,143,36
20356,十勝,新得,シントク,上川郡新得町4条南,43,4.6,142,50.4
20361,十勝,鹿追,シカオイ,河東郡鹿追町緑町,43,6.2,142,59.7
20371,十勝,駒場,コマバ,河東郡音更町駒場北町,43,3,143,11
20421,十勝,芽室,メムロ,河西郡芽室町西3条南,42,54,143,2.6
20432,十勝,帯広,オビヒロ,帯広市東4条南　帯広測候所,42,55.3,143,12.7
20441,十勝,池田,イケダ,中川郡池田町清見,42,55.2,143,27.5
20451,十勝,留真,ルシン,十勝郡浦幌町留真,42,55,143,39.7
20506,十勝,浦幌,ウラホロ,十勝郡浦幌町桜町,42,48.5,143,39.4
20551,十勝,帯広泉,オビヒロイズミ,帯広市泉町西9線中　帯広航空気象観測所,42,44,143,13
20556,十勝,糠内,ヌカナイ,中川郡幕別町五位,42,47.2,143,19.7
20601,十勝,上札内,カミサツナイ,河西郡中札内村元札内西1線,42,38.5,143,5.8
20606,十勝,更別,サラベツ,河西郡更別村更別南2線,42,39.1,143,11.7
20631,十勝,大津,オオツ,中川郡豊頃町大津寿町,42,41.2,143,38.8
20696,十勝,大樹,タイキ,広尾郡大樹町柏木町,42,30,143,16.4
20751,十勝,広尾,ヒロオ,広尾郡広尾町並木通東　広尾特別地域気象観測所,42,17.6,143,19
21031,胆振,安平,アビラ,勇払郡安平町安平,42,48.8,141,49.7
21111,胆振,厚真,アツマ,勇払郡厚真町朝日,42,43.8,141,53.3
21126,胆振,穂別,ホベツ,勇払郡むかわ町穂別,42,45.7,142,8.6
21161,胆振,大滝,オオタキ,伊達市大滝区本町,42,40.2,141,4.7
21171,胆振,森野,モリノ,白老郡白老町森野,42,37.8,141,14.8
21187,胆振,苫小牧,トマコマイ,苫小牧市しらかば町　苫小牧特別地域気象観測所,42,37.4,141,32.8
21226,胆振,大岸,オオキシ,虻田郡豊浦町大岸,42,35.4,140,38.6
21237,胆振,洞爺湖温泉,トウヤコオンセン,虻田郡洞爺湖町洞爺湖温泉,42,33.9,140,48.4
21251,胆振,カルルス,カルルス,登別市カルルス町,42,31,141,6.4
21261,胆振,白老,シラオイ,白老郡白老町高砂町,42,32.6,141,21.1
21276,胆振,鵡川,ムカワ,勇払郡むかわ町豊城,42,35.4,141,56
21297,胆振,伊達,ダテ,伊達市館山下町,42,28.5,140,50.9
21312,胆振,登別,ノボリベツ,登別市札内町,42,27.5,141,7.1
21323,胆振,室蘭,ムロラン,室蘭市山手町　室蘭地方気象台,42,18.7,140,58.5
22036,日高,日高,ヒダカ,沙流郡日高町本町東,42,52.6,142,26.5
22072,日高,仁世宇,ニセウ,沙流郡平取町仁世宇,42,46.3,142,21.5
22106,日高,旭,アサヒ,沙流郡平取町旭地区,42,37.7,142,23.6
22141,日高,日高門別,ヒダカモンベツ,沙流郡日高町字富浜,42,29.8,142,3.2
22156,日高,新和,シンワ,新冠郡新冠町新和,42,32.6,142,20
22206,日高,笹山,ササヤマ,日高郡新ひだか町静内御園,42,26,142,28.9
22241,日高,静内,シズナイ,日高郡新ひだか町静内山手町,42,20.6,142,21.7
22291,日高,三石,ミツイシ,日高郡新ひだか町三石美野和,42,14.7,142,39.7
22306,日高,中杵臼,ナカキネウス,浦河郡浦河町上杵臼,42,13.4,142,56.9
22327,日高,浦河,ウラカワ,浦河郡浦河町潮見町　浦河特別地域気象観測所,42,9.7,142,46.6
22356,日高,目黒,メグロ,幌泉郡えりも町目黒,42,7.6,143,18.8
22366,日高,幌満,ホロマン,様似郡様似町幌満,42,4.6,143,2.1
22391,日高,えりも岬,エリモミサキ,幌泉郡えりも町東洋,41,55.5,143,14.6
23031,渡島,長万部,オシャマンベ,山越郡長万部町栄原,42,31.4,140,22.9
23086,渡島,八雲,ヤクモ,二海郡八雲町本町,42,15.1,140,16.3
23166,渡島,森,モリ,茅部郡森町姫川,42,4,140,35.3
23191,渡島,大沼,オオヌマ,亀田郡七飯町上軍川,41,58.6,140,42.9
23206,渡島,川汲,カックミ,函館市川汲町,41,54.3,140,58.2
23226,渡島,北斗,ホクト,北斗市本町,41,53.2,140,39.2
23232,渡島,函館,ハコダテ,函館市美原　函館地方気象台,41,49,140,45.2
23281,渡島,高松,タカマツ,函館市高松町　函館航空気象観測所,41,46.2,140,49.3
23291,渡島,戸井泊,トイトマリ,函館市泊町,41,43,141,0.2
23321,渡島,知内,シリウチ,上磯郡知内町上雷,41,35.9,140,22.5
23326,渡島,木古内,キコナイ,上磯郡木古内町大平,41,41.2,140,26.7
23356,渡島,千軒,センゲン,松前郡福島町千軒,41,33.5,140,16.3
23376,渡島,松前,マツマエ,松前郡松前町建石,41,25.4,140,5.2
24141,渡島,熊石,クマイシ,二海郡八雲町熊石根崎町,42,7.7,139,59.1
24041,檜山,せたな,セタナ,久遠郡せたな町瀬棚区本町,42,27,139,51.1
24051,檜山,今金,イマカネ,瀬棚郡今金町今金,42,25.7,140,0.5
24101,檜山,奥尻,オクシリ,奥尻郡奥尻町字稲穂,42,14.9,139,33.4
24156,檜山,米岡,ヨネオカ,奥尻郡奥尻町字米岡　奥尻航空気象観測所,42,4.3,139,25.9
24166,檜山,潮見,シオミ,爾志郡乙部町潮見,42,2.3,140,5.3
24201,檜山,鶉,ウズラ,檜山郡厚沢部町鶉町,41,55.8,140,18.7
24217,檜山,江差,エサシ,檜山郡江差町姥神町　江差特別地域気象観測所,41,52,140,7.4
24236,檜山,石崎,イシザキ,檜山郡上ノ国町石崎,41,42,140,1.7
31001,青森,大間,オオマ,下北郡大間町大間字狼丁,41,31.6,140,54.7
31036,青森,湯野川,ユノカワ,むつ市川内町湯野川,41,18.8,140,57.4
31111,青森,むつ,ムツ,むつ市金曲　むつ特別地域気象観測所,41,17,141,12.6
31121,青森,小田野沢,オダノサワ,下北郡東通村小田野沢字中川目,41,14.1,141,23.8
31136,青森,今別,イマベツ,東津軽郡今別町今別字中沢,41,10.8,140,28.9
31156,青森,脇野沢,ワキノサワ,むつ市脇野沢桂沢,41,8.7,140,49.3
31186,青森,市浦,シウラ,五所川原市相内,41,3.4,140,20.8
31201,青森,蟹田,カニタ,東津軽郡外ヶ浜町字蟹田鰐ケ淵,41,2.7,140,38
31296,青森,五所川原,ゴショガワラ,五所川原市松島町,40,48.5,140,27.5
31312,青森,青森,アオモリ,青森市花園　青森地方気象台,40,49.3,140,46.1
31321,青森,大和山,ヤマトヤマ,東津軽郡平内町外童子字滝ノ沢,40,50.9,140,59.1
31332,青森,野辺地,ノヘジ,上北郡野辺地町有戸鳥井平,40,53.1,141,9.6
31336,青森,六ケ所,ロッカショ,上北郡六ケ所村倉内字笹崎,40,53.1,141,16.3
31366,青森,鰺ケ沢,アジガサワ,西津軽郡鰺ケ沢町舞戸町字小夜,40,46.6,140,12.3
31386,青森,青森大谷,アオモリオオタニ,青森市大字大谷字小谷　青森航空気象観測所,40,44,140,41.3
31411,青森,七戸,シチノヘ,上北郡七戸町鶴児平,40,42.5,141,7.7
31436,青森,深浦,フカウラ,西津軽郡深浦町大字深浦字岡町　深浦特別地域気象観測所,40,38.7,139,55.9
31451,青森,岳,ダケ,弘前市常盤野字湯の沢,40,37.7,140,15.8
31461,青森,弘前,ヒロサキ,弘前市和田町,40,36.7,140,27.3
31466,青森,黒石,クロイシ,黒石市馬場尻南,40,40,140,35.1
31482,青森,酸ケ湯,スカユ,青森市荒川字南荒川山国有林酸ケ湯沢,40,38.9,140,50.9
31506,青森,三沢,ミサワ,三沢市東町,40,40.5,141,22.5
31551,青森,大鰐,オオワニ,南津軽郡大鰐町大字鯖石字浅瀬渕,40,31.8,140,33.3
31562,青森,温川,ヌルカワ,平川市切明津根川森,40,30.9,140,47
31586,青森,十和田,トワダ,十和田市相坂字相坂,40,35.7,141,14.8
31602,青森,八戸,ハチノヘ,八戸市湊町字館鼻　八戸特別地域気象観測所,40,31.6,141,31.3
31646,青森,碇ケ関,イカリガセキ,平川市碇ヶ関阿原,40,28.9,140,37.2
31662,青森,休屋,ヤスミヤ,十和田市大字奥瀬字十和田湖畔休屋,40,25.6,140,53.9
31671,青森,戸来,ヘライ,三戸郡新郷村大字戸来字金ケ沢坂ノ下,40,28.1,141,10.6
31721,青森,三戸,サンノヘ,三戸郡三戸町川守田字寺ノ沢,40,23,141,15.4
32056,秋田,八森,ハチモリ,山本郡八峰町八森字チコキ,40,24.8,139,56.9
32071,秋田,藤里,フジサト,山本郡藤里町藤琴字大落,40,19.2,140,17.6
32091,秋田,陣場,ジンバ,大館市長走字陣場,40,24.2,140,36.5
32096,秋田,藤原,フジワラ,鹿角郡小坂町上向字藤原,40,21.2,140,46.8
32111,秋田,能代,ノシロ,能代市緑町,40,11.9,140,1.9
32126,秋田,鷹巣,タカノス,北秋田市旭町,40,13.6,140,22.3
32136,秋田,大館,オオダテ,大館市出川字上野,40,15.1,140,30.3
32146,秋田,鹿角,カヅノ,鹿角市花輪字荒田,40,12.9,140,47.2
32181,秋田,脇神,ワキガミ,北秋田市脇神字葈岱　大館能代航空気象観測所,40,11.5,140,22.3
32206,秋田,湯瀬,ユゼ,鹿角市八幡平湯瀬字一羽根,40,7.2,140,50.4
32266,秋田,八幡平,ハチマンタイ,鹿角市八幡平字熊沢外8国有林,40,0.8,140,48.1
32276,秋田,男鹿真山,オガシンザン,男鹿市北浦相川字小屋ケ沢,39,56.3,139,46.9
32286,秋田,男鹿,オガ,男鹿市脇本脇本字上野,39,54.7,139,54
32287,秋田,大潟,オオガタ,南秋田郡大潟村大潟,40,0,139,57
32296,秋田,五城目,ゴジョウメ,南秋田郡五城目町上樋口字屋岸,39,56.3,140,6.9
32311,秋田,阿仁合,アニアイ,北秋田市阿仁水無字畑町東裏,39,59.6,140,24.2
32312,秋田,比立内,ヒタチナイ,北秋田市阿仁幸屋渡字山根,39,54.2,140,27
32376,秋田,桧木内,ヒノキナイ,仙北市西木町上桧木内字宮田,39,48.7,140,35.1
32402,秋田,秋田,アキタ,秋田市山王　秋田地方気象台,39,43,140,5.9
32407,秋田,岩見三内,イワミサンナイ,秋田市河辺三内字外川原,39,42.4,140,17.2
32408,秋田,仁別,ニベツ,秋田市仁別字マンタラメ,39,48,140,13
32426,秋田,鎧畑,ヨロイバタ,仙北市田沢湖町田沢字鎧畑,39,46.5,140,39.9
32431,秋田,田沢湖高原,タザワココウゲン,仙北市田沢湖生保内字駒ヶ岳,39,46.7,140,45.7
32451,秋田,雄和,ユウワ,秋田市雄和椿川字山籠　秋田航空気象観測所,39,36.9,140,13.1
32466,秋田,角館,カクノダテ,仙北市角館町小勝田鵜の崎,39,36.2,140,33.4
32476,秋田,田沢湖,タザワコ,仙北市田沢湖生保内字宮の後,39,41.9,140,43.9
32496,秋田,大正寺,ダイショウジ,秋田市雄和新波字寺沢,39,31.6,140,14
32551,秋田,大曲,オオマガリ,大仙市四ツ屋字下古道,39,29.4,140,29.7
32571,秋田,本荘,ホンジョウ,由利本荘市埋田字用堰南,39,21.6,140,3.3
32581,秋田,東由利,ヒガシユリ,由利本荘市東由利老方字後田,39,18.3,140,17.3
32596,秋田,横手,ヨコテ,横手市横手町大樋,39,19.2,140,33.3
32616,秋田,にかほ,ニカホ,にかほ市金浦字南金浦,39,15.3,139,54.8
32626,秋田,矢島,ヤシマ,由利本荘市矢島町城内字築館,39,14.1,140,8.2
32681,秋田,笹子,ジネゴ,由利本荘市鳥海町上笹子字川合,39,6.2,140,17.6
32691,秋田,湯沢,ユザワ,湯沢市金谷字樋ノ口,39,11.2,140,27.8
32701,秋田,東成瀬,ヒガシナルセ,雄勝郡東成瀬村田子内字仙人下,39,10.7,140,38.9
32771,秋田,湯の岱,ユノタイ,湯沢市秋の宮字湯の岱,38,57.6,140,31.7
33006,岩手,種市,タネイチ,九戸郡洋野町種市第21地割,40,24.2,141,42
33026,岩手,軽米,カルマイ,九戸郡軽米町軽米第3地割字中坪,40,19,141,28.4
33071,岩手,二戸,ニノヘ,二戸市堀野字馬場,40,17.9,141,17.9
33086,岩手,大野,オオノ,九戸郡洋野町大野,40,16.9,141,40
33136,岩手,山形,ヤマガタ,久慈市山形町川井,40,8.9,141,34.3
33146,岩手,久慈,クジ,久慈市小久慈町第24地割,40,10.1,141,44.9
33166,岩手,荒屋,アラヤ,八幡平市叺田,40,6.2,141,3
33176,岩手,奥中山,オクナカヤマ,二戸郡一戸町小繋字西田子,40,3.6,141,13.5
33186,岩手,葛巻,クズマキ,岩手郡葛巻町葛巻第7地割字元町,40,2.4,141,27.4
33201,岩手,下戸鎖,シモトクサリ,久慈市山根町字下戸鎖,40,5,141,42.7
33206,岩手,普代,フダイ,下閉伊郡普代村第13地割字普代,40,0.2,141,53
33226,岩手,岩手松尾,イワテマツオ,八幡平市野駄,39,57.1,141,3.9
33231,岩手,一方井,イッカタイ,岩手郡岩手町大字一方井第15地割,39,58.4,141,10
33296,岩手,好摩,コウマ,盛岡市好摩字芋田向,39,52.1,141,10
33326,岩手,岩泉,イワイズミ,下閉伊郡岩泉町岩泉字中家,39,50.8,141,47.7
33336,岩手,小本,オモト,下閉伊郡岩泉町小本字下中野,39,50.8,141,57.8
33351,岩手,葛根田,カッコンダ,岩手郡雫石町西根第3地割上篠崎,39,46.6,140,56.7
33361,岩手,滝沢,タキザワ,滝沢市湯舟沢,39,46.8,141,5.8
33371,岩手,薮川,ヤブカワ,盛岡市薮川字外山,39,47,141,19.7
33421,岩手,雫石,シズクイシ,岩手郡雫石町第40地割字千刈田,39,41.8,140,58.5
33431,岩手,盛岡,モリオカ,盛岡市山王町　盛岡地方気象台,39,41.9,141,9.9
33441,岩手,区界,クザカイ,宮古市区界第2地割,39,39,141,21.2
33461,岩手,刈屋,カリヤ,宮古市刈屋第15地割,39,38.5,141,46.4
33472,岩手,宮古,ミヤコ,宮古市鍬ケ崎下町　宮古特別地域気象観測所,39,38.8,141,57.9
33501,岩手,紫波,シワ,紫波郡紫波町稲藤字七郷,39,32.8,141,7.6
33526,岩手,川井,カワイ,宮古市川井,39,35.9,141,40.9
33561,岩手,沢内,サワウチ,和賀郡西和賀町沢内川舟第34地割,39,28.8,140,47.8
33566,岩手,豊沢,トヨサワ,花巻市北豊沢山国有林,39,28.8,140,58.1
33576,岩手,花巻,ハナマキ,花巻市葛第3地割　花巻航空気象観測所,39,25.7,141,8.1
33581,岩手,大迫,オオハサマ,花巻市大迫町大迫第13地割,39,28.2,141,16.7
33596,岩手,附馬牛,ツキモウシ,遠野市附馬牛町上附馬牛19地割,39,27.4,141,30.4
33611,岩手,大槌,オオツチ,上閉伊郡大槌町金沢,39,26.3,141,48.4
33616,岩手,山田,ヤマダ,下閉伊郡山田町織笠第11地割,39,27,141,57.4
33631,岩手,湯田,ユダ,和賀郡西和賀町上野々第39地割,39,18.6,140,46.6
33671,岩手,遠野,トオノ,遠野市松崎町白岩24地割,39,20.3,141,32.6
33686,岩手,新町,シンチョウ,上閉伊郡大槌町新町,39,21.6,141,54.4
33711,岩手,金ヶ崎,カネガサキ,胆沢郡金ケ崎町西根千貫石,39,13.5,141,0.9
33716,岩手,北上,キタカミ,北上市芳町,39,17.3,141,6.6
33726,岩手,米里,ヨネサト,奥州市江刺区米里字荒田表,39,14,141,18.6
33751,岩手,釜石,カマイシ,釜石市港町,39,16.2,141,52.7
33776,岩手,若柳,ワカヤナギ,奥州市胆沢区若柳字倉舘,39,8.4,141,3.8
33781,岩手,江刺,エサシ,奥州市江刺区愛宕字八日市,39,11,141,9.7
33801,岩手,住田,スミタ,気仙郡住田町世田米字川向,39,8.5,141,34.4
33831,岩手,祭畤,マツルベ,一関市厳美町祭畤,39,0.7,140,51.9
33841,岩手,衣川,コロモガワ,奥州市衣川区懸田,39,3,141,2.7
33856,岩手,大東,ダイトウ,一関市大東町猿沢字上ノ洞,39,2.3,141,17.8
33871,岩手,陸前高田,リクゼンタカタ,陸前高田市高田町字鳴石地内,39,1.5,141,37.8
33877,岩手,大船渡,オオフナト,大船渡市大船渡町字赤沢　大船渡特別地域気象観測所,39,3.8,141,42.8
33911,岩手,一関,イチノセキ,一関市竹山町,38,56,141,7.5
33921,岩手,千厩,センマヤ,一関市千厩町千厩字北方,38,55.3,141,19.8
34012,宮城,駒ノ湯,コマノユ,栗原市栗駒沼倉耕英南,38,54.8,140,49.7
34026,宮城,気仙沼,ケセンヌマ,気仙沼市舘山,38,54.4,141,33.4
34056,宮城,鴬沢,ウグイスザワ,栗原市鶯沢袋宮林,38,48.3,140,56.9
34096,宮城,川渡,カワタビ,大崎市鳴子温泉字蓬田,38,44.6,140,45.6
34111,宮城,築館,ツキダテ,栗原市築館左足下,38,44.1,141,0.3
34171,宮城,米山,ヨネヤマ,登米市米山町西野字的場,38,37.6,141,11.3
34186,宮城,志津川,シヅガワ,本吉郡南三陸町志津川字城場,38,40.9,141,26.9
34206,宮城,加美,カミ,加美郡加美町味ヶ袋薬莱原,38,34.3,140,43.6
34216,宮城,古川,フルカワ,大崎市古川大崎字富国,38,35.9,140,54.7
34231,宮城,桃生,モノウ,石巻市桃生町中津山字江下,38,33.6,141,14.7
34241,宮城,雄勝,オガツ,石巻市雄勝町雄勝字伊勢畑,38,31.3,141,28.2
34262,宮城,泉ケ岳,イズミガダケ,仙台市泉区福岡岳山,38,24.4,140,43.3
34266,宮城,大衡,オオヒラ,黒川郡大衡村松の平,38,28.4,140,53.3
34276,宮城,鹿島台,カシマダイ,大崎市鹿島台広長字内の浦,38,27.6,141,5.5
34286,宮城,東松島,ヒガシマツシマ,東松島市矢本字大溜,38,25.6,141,12.8
34292,宮城,石巻,イシノマキ,石巻市泉町　石巻特別地域気象観測所,38,25.6,141,17.9
34296,宮城,女川,オナガワ,牡鹿郡女川町女川浜字大原,38,27.2,141,26.4
34311,宮城,新川,ニッカワ,仙台市青葉区新川字清水尻,38,18.2,140,38.2
34331,宮城,塩釜,シオガマ,塩竈市伊保石,38,20.3,141,0.8
34361,宮城,江ノ島,エノシマ,牡鹿郡女川町江島字荒藪,38,23.9,141,35.8
34392,宮城,仙台,センダイ,仙台市宮城野区五輪　仙台管区気象台,38,15.7,140,53.8
34431,宮城,岩沼,イワヌマ,岩沼市里の杜,38,6.4,140,52.6
34436,宮城,名取,ナトリ,名取市下増田字南原　仙台航空測候所,38,8.3,140,55
34461,宮城,白石,シロイシ,白石市福岡長袋字湯殿山,38,0.9,140,36.7
34462,宮城,蔵王,ザオウ,刈田郡蔵王町大字平沢字内屋敷,38,7.6,140,40.8
34471,宮城,亘理,ワタリ,亘理郡亘理町字油田,38,1.5,140,51.5
34506,宮城,丸森,マルモリ,伊具郡丸森町舘矢間舘山字新賢中,37,55.9,140,46.7
34526,宮城,筆甫,ヒッポ,伊具郡丸森町筆甫字和田,37,49.6,140,43.7
35002,山形,飛島,トビシマ,酒田市飛島字勝浦乙,39,11,139,32.6
35052,山形,酒田,サカタ,酒田市亀ケ崎　酒田特別地域気象観測所,38,54.5,139,50.6
35061,山形,上草津,カミクサツ,酒田市草津字芦巻,38,59.7,140,1.7
35071,山形,差首鍋,サスナベ,最上郡真室川町差首鍋,38,55.1,140,12
35086,山形,浜中,ハマナカ,酒田市浜中字村東　庄内航空気象観測所,38,48.7,139,47.2
35116,山形,金山,カネヤマ,最上郡金山町金山字本町,38,52.7,140,19.9
35141,山形,鶴岡,ツルオカ,鶴岡市錦町,38,44.1,139,49.7
35146,山形,狩川,カリカワ,東田川郡庄内町狩川字矢倉,38,48,139,58.4
35162,山形,新庄,シンジョウ,新庄市東谷地田町　新庄特別地域気象観測所,38,45.4,140,18.7
35171,山形,瀬見,セミ,最上郡最上町大堀,38,45.3,140,24.8
35176,山形,向町,ムカイマチ,最上郡最上町向町,38,45.5,140,31
35201,山形,櫛引,クシビキ,鶴岡市桂荒俣字上桂,38,40.3,139,50.9
35216,山形,肘折,ヒジオリ,最上郡大蔵村南山,38,36.4,140,9.8
35231,山形,尾花沢,オバナザワ,尾花沢市新町,38,36.5,140,24.7
35246,山形,鼠ケ関,ネズガセキ,鶴岡市鼠ケ関字横路,38,34,139,33.1
35256,山形,荒沢,アラサワ,鶴岡市荒沢字狩籠,38,30.4,139,46.9
35332,山形,村山,ムラヤマ,村山市大字大久保字寄込,38,27.6,140,20.9
35334,山形,東根,ヒガシネ,東根市大字羽入字柏原新林　山形航空気象観測所,38,24.7,140,22.2
35361,山形,大井沢,オオイサワ,西村山郡西川町大井沢字中村,38,23.4,139,59.6
35376,山形,左沢,アテラザワ,西村山郡大江町本郷字下夕原己,38,22.2,140,11.5
35426,山形,山形,ヤマガタ,山形市緑町　山形地方気象台,38,15.3,140,20.7
35456,山形,長井,ナガイ,長井市平山,38,6.3,140,0.9
35466,山形,上山中山,カミノヤマナカヤマ,上山市中山字壁屋敷,38,7,140,12.8
35486,山形,小国,オグニ,西置賜郡小国町増岡字下林,38,4.7,139,44.1
35511,山形,高畠,タカハタ,東置賜郡高畠町安久津字加茂川原,38,0.2,140,12.4
35537,山形,中津川,ナカツガワ,西置賜郡飯豊町岩倉,37,54.6,139,50.6
35541,山形,高峰,タカミネ,西置賜郡飯豊町高峰,37,59.9,139,57.4
35552,山形,米沢,ヨネザワ,米沢市アルカディア,37,54.7,140,8.6
36056,福島,茂庭,モニワ,福島市飯坂町茂庭字滑滝道,37,53.5,140,26.2
36066,福島,梁川,ヤナガワ,伊達市梁川町粟野字作田,37,51.1,140,35.3
36081,福島,新地,シンチ,相馬郡新地町谷地小屋字樋掛田,37,52.5,140,55.1
36106,福島,桧原,ヒバラ,耶麻郡北塩原村桧原字墓下,37,43.3,140,3.5
36126,福島,福島,フクシマ,福島市松木町　福島地方気象台,37,45.5,140,28.2
36151,福島,相馬,ソウマ,相馬市成田字五郎右エ門橋,37,47,140,55.5
36176,福島,喜多方,キタカタ,喜多方市字押切,37,39.5,139,51.8
36196,福島,鷲倉,ワシクラ,福島市土湯温泉町字鷲倉山国有林,37,40.1,140,15.6
36221,福島,飯舘,イイタテ,相馬郡飯舘村飯樋字堤下,37,39.9,140,43.6
36231,福島,原町,ハラマチ,南相馬市原町区高見町,37,38.3,140,59
36251,福島,西会津,ニシアイヅ,耶麻郡西会津町尾野本字樋ノ口原乙,37,35.3,139,39.4
36276,福島,猪苗代,イナワシロ,耶麻郡猪苗代町大字千代田字中島,37,33.1,140,6.5
36291,福島,二本松,ニホンマツ,二本松市金色久保,37,35,140,25.8
36307,福島,津島,ツシマ,双葉郡浪江町下津島字町,37,33.6,140,45.2
36342,福島,金山,カネヤマ,大沼郡金山町大字中川字沖根原,37,28.4,139,31.7
36361,福島,若松,ワカマツ,会津若松市材木町　若松特別地域気象観測所,37,29.3,139,54.6
36391,福島,船引,フネヒキ,田村市船引町船引字新房院,37,26.1,140,34.6
36411,福島,浪江,ナミエ,双葉郡浪江町川添字北上の原,37,29.5,140,57.9
36426,福島,只見,タダミ,南会津郡只見町只見字原,37,20.6,139,18.8
36461,福島,湖南,コナン,郡山市湖南町福良字家老,37,23.3,140,5.4
36476,福島,郡山,コオリヤマ,郡山市安積町成田字東丸山,37,22.1,140,19.8
36501,福島,川内,カワウチ,双葉郡川内村上川内字小山平,37,20.2,140,48.5
36511,福島,富岡,トミオカ,双葉郡富岡町小浜,37,20.8,141,1
36536,福島,南郷,ナンゴウ,南会津郡南会津町界字梨木平,37,15.9,139,32.2
36562,福島,湯本,ユモト,岩瀬郡天栄村田良尾字持石,37,16.6,140,3.8
36571,福島,長沼,ナガヌマ,須賀川市長沼字町尻,37,17.3,140,13.1
36581,福島,玉川,タマカワ,石川郡玉川村大字北須釜字はばき田　福島航空気象観測所,37,13.6,140,25.6
36591,福島,小野新町,オノニイマチ,田村郡小野町小野新町字舘廻,37,17.2,140,37.5
36597,福島,川前,カワマエ,いわき市川前町下桶売字久保田,37,14.8,140,43.4
36611,福島,広野,ヒロノ,双葉郡広野町下北迫字大谷地原,37,14,141,0
36641,福島,田島,タジマ,南会津郡南会津町田島字東下原,37,12.4,139,47.7
36667,福島,白河,シラカワ,白河市郭内　白河特別地域気象観測所,37,7.9,140,12.9
36676,福島,石川,イシカワ,石川郡石川町双里字本宮,37,8.8,140,27.6
36716,福島,桧枝岐,ヒノエマタ,南会津郡檜枝岐村字上河原,37,0.6,139,22.5
36726,福島,舘岩,タテイワ,南会津郡南会津町松戸原,37,5.5,139,31.9
36766,福島,古殿,フルドノ,石川郡古殿町大字松川字横川,37,5.4,140,33.6
36781,福島,平,タイラ,いわき市好間町今新田字宮西,37,3.9,140,52.6
36821,福島,東白川,ヒガシシラカワ,東白川郡塙町大字上石井字新田,36,56.3,140,24.5
36836,福島,山田,ヤマダ,いわき市山田町大谷,36,56,140,44
36846,福島,小名浜,オナハマ,いわき市小名浜字船引場　小名浜特別地域気象観測所,36,56.8,140,54.2
40041,茨城,花園,ハナゾノ,北茨城市華川町花園,36,52.1,140,38.2
40046,茨城,北茨城,キタイバラキ,北茨城市関南町関本下,36,50,140,46.3
40061,茨城,大子,ダイゴ,久慈郡大子町大子,36,46.7,140,20.7
40066,茨城,徳田,トクダ,常陸太田市徳田町,36,46.7,140,28.9
40076,茨城,大能,オオノウ,高萩市大能,36,44.6,140,35.6
40081,茨城,高萩,タカハギ,高萩市高浜町,36,42.4,140,43
40091,茨城,常陸大宮,ヒタチオオミヤ,常陸大宮市上小瀬,36,36.4,140,19.5
40126,茨城,中野,ナカノ,常陸太田市中野町,36,30.9,140,28.4
40136,茨城,日立,ヒタチ,日立市会瀬町,36,34.8,140,38.7
40181,茨城,門井,カドイ,筑西市門井,36,20,140,2
40191,茨城,笠間,カサマ,笠間市箱田,36,23.7,140,14.4
40201,茨城,水戸,ミト,水戸市金町　水戸地方気象台,36,22.8,140,28
40221,茨城,古河,コガ,古河市北町,36,12.1,139,43
40231,茨城,下館,シモダテ,筑西市西石田,36,16.9,139,59.3
40241,茨城,柿岡,カキオカ,石岡市柿岡,36,14,140,11.3
40251,茨城,美野里,ミノリ,小美玉市部室,36,14.2,140,19.5
40281,茨城,下妻,シモツマ,下妻市二本紀,36,10.1,139,56.7
40282,茨城,常総,ジョウソウ,常総市新石下,36,6.8,139,58.8
40311,茨城,鉾田,ホコタ,鉾田市安房,36,10.1,140,31.6
40326,茨城,坂東,バンドウ,坂東市辺田,36,2.1,139,53.6
40336,茨城,つくば,ツクバ,つくば市長峰　高層気象台,36,3.4,140,7.5
40341,茨城,土浦,ツチウラ,土浦市木田余東台,36,6.2,140,13.2
40391,茨城,江戸崎,エドサキ,稲敷市江戸崎甲,35,57.6,140,19.2
40406,茨城,鹿嶋,カシマ,鹿嶋市城山,35,57.8,140,37.3
40426,茨城,龍ケ崎,リュウガサキ,龍ケ崎市大徳町,35,53.4,140,12.7
41011,栃木,那須高原,ナスコウゲン,那須郡那須町大島,37,7.4,140,2.1
41076,栃木,五十里,イカリ,日光市五十里堀割,36,55.3,139,41.7
41091,栃木,黒磯,クロイソ,那須塩原市埼玉,36,58.9,140,1.1
41116,栃木,土呂部,ドロブ,日光市土呂部,36,53.5,139,34.1
41141,栃木,大田原,オオタワラ,大田原市宇田川,36,50.4,140,2.1
41166,栃木,奥日光,オクニッコウ,日光市中宮祠　日光特別地域気象観測所,36,44.3,139,30
41171,栃木,今市,イマイチ,日光市瀬川,36,43.6,139,40.6
41181,栃木,塩谷,シオヤ,塩谷郡塩谷町大字田所,36,45.4,139,53
41211,栃木,足尾,アシオ,日光市足尾町,36,38.8,139,26.9
41241,栃木,高根沢,タカネザワ,塩谷郡高根沢町上高根沢台の原,36,36.4,139,59.9
41247,栃木,那須烏山,ナスカラスヤマ,那須烏山市森田字小塙前,36,38.5,140,7
41271,栃木,鹿沼,カヌマ,鹿沼市見野,36,35.5,139,44.1
41277,栃木,宇都宮,ウツノミヤ,宇都宮市明保野町　宇都宮地方気象台,36,32.9,139,52.1
41311,栃木,葛生,クズウ,佐野市豊代町,36,25.9,139,35.4
41331,栃木,真岡,モオカ,真岡市下籠谷,36,28.6,139,59.2
41356,栃木,足利,アシカガ,足利市上渋垂町,36,18.1,139,28.4
41361,栃木,佐野,サノ,佐野市田沼町,36,21.8,139,34.2
41371,栃木,栃木,トチギ,栃木市平井町,36,22.4,139,42.2
41376,栃木,小山,オヤマ,小山市出井,36,20.3,139,49.8
42046,群馬,藤原,フジワラ,利根郡みなかみ町藤原字屋倉,36,51.8,139,3.5
42091,群馬,みなかみ,ミナカミ,利根郡みなかみ町幸知,36,48,138,59.5
42106,群馬,片品,カタシナ,利根郡片品村鎌田,36,46.3,139,14.3
42121,群馬,草津,クサツ,吾妻郡草津町草津,36,37,138,35.5
42146,群馬,沼田,ヌマタ,沼田市井土上町,36,40.1,139,1.3
42186,群馬,中之条,ナカノジョウ,吾妻郡中之条町伊勢町,36,35.2,138,51
42221,群馬,田代,タシロ,吾妻郡嬬恋村田代,36,27.8,138,27.8
42241,群馬,榛名山,ハルナサン,高崎市榛名湖町沼ノ原甲,36,28.3,138,52.4
42251,群馬,前橋,マエバシ,前橋市昭和町　前橋地方気象台,36,24.3,139,3.6
42261,群馬,黒保根,クロホネ,桐生市黒保根町水沼,36,30.1,139,17
42266,群馬,桐生,キリュウ,桐生市元宿町,36,24.6,139,19.5
42286,群馬,上里見,カミサトミ,高崎市上里見町,36,22.6,138,53.7
42302,群馬,伊勢崎,イセサキ,伊勢崎市宮子町,36,19.9,139,9.9
42326,群馬,西野牧,ニシノマキ,甘楽郡下仁田町西野牧,36,14.7,138,42.4
42341,群馬,藤岡,フジオカ,藤岡市藤岡,36,14.5,139,4.2
42366,群馬,館林,タテバヤシ,館林市美園町,36,14,139,31.9
42396,群馬,神流,カンナ,多野郡神流町大字黒田字坂井道下,36,6.5,138,53.8
43051,埼玉,寄居,ヨリイ,大里郡寄居町大字折原,36,6.3,139,11
43056,埼玉,熊谷,クマガヤ,熊谷市桜町　熊谷地方気象台,36,9,139,22.8
43091,埼玉,上吉田,カミヨシダ,秩父市上吉田,36,3.2,138,58.8
43121,埼玉,鴻巣,コウノス,鴻巣市中央,36,3.9,139,31.3
43126,埼玉,久喜,クキ,久喜市六万部,36,5.2,139,38.1
43151,埼玉,三峰,ミツミネ,秩父市三峰,35,55.6,138,55.4
43156,埼玉,秩父,チチブ,秩父市上町　秩父特別地域気象観測所,35,59.4,139,4.4
43157,埼玉,浦山,ウラヤマ,秩父市浦山,35,55.2,139,4.2
43162,埼玉,ときがわ,トキガワ,比企郡ときがわ町大字大野,35,59.4,139,12.4
43171,埼玉,鳩山,ハトヤマ,比企郡鳩山町赤沼字雷,35,59.1,139,20.1
43231,埼玉,飯能,ハンノウ,飯能市征矢町,35,50.3,139,19.3
43241,埼玉,さいたま,サイタマ,さいたま市桜区大字宿,35,52.5,139,35.2
43256,埼玉,越谷,コシガヤ,越谷市大字北後谷,35,53,139,45.4
43266,埼玉,所沢,トコロザワ,所沢市勝楽寺,35,46.4,139,24.8
44046,東京,小河内,オゴウチ,西多摩郡奥多摩町原,35,47.5,139,3
44051,東京,小沢,オザワ,西多摩郡檜原村,35,44.1,139,7.4
44056,東京,青梅,オウメ,青梅市新町,35,47.3,139,18.7
44071,東京,練馬,ネリマ,練馬区石神井台,35,44.3,139,35.5
44112,東京,八王子,ハチオウジ,八王子市元本郷町,35,40,139,19
44116,東京,府中,フチュウ,府中市幸町,35,41,139,29
44126,東京,世田谷,セタガヤ,世田谷区岡本,35,37.6,139,37.2
44132,東京,東京,トウキョウ,千代田区北の丸公園　東京管区気象台,35,41.5,139,45
44136,東京,江戸川臨海,エドガワリンカイ,江戸川区臨海町,35,38.3,139,51.8
44166,東京,羽田,ハネダ,大田区羽田空港　東京航空地方気象台,35,33.2,139,46.8
44172,東京,大島,オオシマ,大島町元町字家の上　大島特別地域気象観測所,34,44.9,139,21.7
44173,東京,大島北ノ山,オオシマキタノヤマ,大島町元町字北の山　大島航空気象観測所,34,46.9,139,21.6
44191,東京,利島,トシマ,利島村,34,31.7,139,16.9
44207,東京,新島,ニイジマ,新島村川原　新島航空気象観測所,34,22.1,139,16.1
44216,東京,神津島,コウヅシマ,神津島村金長　神津島航空気象観測所,34,11.3,139,8
44226,東京,三宅島,ミヤケジマ,三宅村神着　三宅島特別地域気象観測所,34,7.4,139,31.2
44228,東京,三宅坪田,ミヤケツボタ,三宅村坪田　三宅島航空気象観測所,34,4.4,139,33.6
44262,東京,八重見ヶ原,ヤエミガハラ,八丈島八丈町大賀郷　八丈島航空気象観測所,33,6.9,139,47.1
44263,東京,八丈島,ハチジョウジマ,八丈島八丈町大賀郷　八丈島特別地域気象観測所,33,7.3,139,46.7
44281,東京,青ヶ島,アオガシマ,青ヶ島村,32,28,139,45.6
44301,東京,父島,チチジマ,小笠原村父島字西町　父島気象観測所,27,5.5,142,11.4
44316,東京,母島,ハハジマ,小笠原村母島字評議平,26,38.1,142,9.7
44356,東京,南鳥島,ミナミトリシマ,小笠原村南鳥島　南鳥島気象観測所,24,17.3,153,59
50066,静岡,富士山,フジサン,富士宮市富士山頂　富士山特別地域気象観測所,35,21.6,138,43.6
45061,千葉,我孫子,アビコ,我孫子市新木野,35,51.8,140,6.6
45081,千葉,香取,カトリ,香取市大根,35,51.5,140,30.1
45086,千葉,東庄,トウノショウ,香取郡東庄町小南,35,47.7,140,40.9
45106,千葉,船橋,フナバシ,船橋市薬円台,35,42.7,140,2.6
45116,千葉,佐倉,サクラ,佐倉市角来字屋敷前,35,43.7,140,12.7
45121,千葉,成田,ナリタ,成田市古込字込前　成田航空地方気象台,35,45.8,140,23.1
45147,千葉,銚子,チョウシ,銚子市川口町　銚子地方気象台,35,44.3,140,51.4
45181,千葉,横芝光,ヨコシバヒカリ,山武郡横芝光町横芝,35,39.4,140,28.8
45212,千葉,千葉,チバ,千葉市中央区中央港　千葉特別地域気象観測所,35,36.1,140,6.2
45261,千葉,茂原,モバラ,茂原市早野字川中島,35,25,140,18.6
45282,千葉,木更津,キサラヅ,木更津市請西南,35,21.7,139,56.4
45291,千葉,牛久,ウシク,市原市米沢,35,23.8,140,8.9
45326,千葉,坂畑,サカハタ,君津市坂畑,35,14.1,140,5.9
45331,千葉,大多喜,オオタキ,夷隅郡大多喜町松尾,35,15.1,140,12.9
45346,千葉,鋸南,キョナン,安房郡鋸南町大六,35,7.3,139,50.2
45361,千葉,鴨川,カモガワ,鴨川市横渚,35,6.7,140,6
45371,千葉,勝浦,カツウラ,勝浦市墨名　勝浦特別地域気象観測所,35,9,140,18.7
45401,千葉,館山,タテヤマ,館山市長須賀　館山特別地域気象観測所,34,59.2,139,51.9
46001,神奈川,相模湖,サガミコ,相模原市緑区与瀬,35,36.8,139,11.6
46046,神奈川,相模原中央,サガミハラチュウオウ,相模原市中央区中央,35,34.3,139,22.2
46061,神奈川,日吉,ヒヨシ,横浜市港北区日吉,35,33.1,139,39
46076,神奈川,丹沢湖,タンザワコ,足柄上郡山北町神尾田,35,24.6,139,2.6
46091,神奈川,海老名,エビナ,海老名市中新田,35,26,139,23.2
46106,神奈川,横浜,ヨコハマ,横浜市中区山手町　横浜地方気象台,35,26.3,139,39.1
46136,神奈川,平塚,ヒラツカ,平塚市公所,35,20.7,139,18.3
46141,神奈川,辻堂,ツジドウ,藤沢市辻堂西海岸,35,19.2,139,27
46161,神奈川,箱根,ハコネ,足柄下郡箱根町芦ノ湯,35,13.3,139,2.5
46166,神奈川,小田原,オダワラ,小田原市扇町,35,16.6,139,9.3
46211,神奈川,三浦,ミウラ,三浦市初声町下宮田,35,10.7,139,37.8
48031,長野,野沢温泉,ノザワオンセン,下高井郡野沢温泉村大字豊郷字南原,36,54.7,138,26.5
48061,長野,信濃町,シナノマチ,上水内郡信濃町柏原字小丸山,36,48.5,138,11.8
48066,長野,飯山,イイヤマ,飯山市大字飯山字大道東,36,52.5,138,22.5
48097,長野,小谷,オタリ,北安曇郡小谷村大字中土,36,49.3,137,55.8
48141,長野,白馬,ハクバ,北安曇郡白馬村北城,36,41.9,137,51.7
48146,長野,鬼無里,キナサ,長野市鬼無里,36,41.3,137,57.9
48156,長野,長野,ナガノ,長野市箱清水　長野地方気象台,36,39.7,138,11.5
48172,長野,笠岳,カサダケ,上高井郡高山村奥山田,36,40,138,27.4
48191,長野,大町,オオマチ,大町市大町,36,31.4,137,49.9
48196,長野,信州新町,シンシュウシンマチ,長野市信州新町牧田中,36,32.9,137,59.8
48216,長野,菅平,スガダイラ,上田市菅平高原,36,31.9,138,19.5
48247,長野,聖高原,ヒジリコウゲン,東筑摩郡麻績村猿ケ馬場峰山,36,29.2,138,4.1
48256,長野,上田,ウエダ,上田市古里,36,24,138,15.9
48296,長野,穂高,ホタカ,安曇野市穂高,36,20.6,137,52.9
48321,長野,東御,トウミ,東御市新張,36,23,138,23
48331,長野,軽井沢,カルイザワ,北佐久郡軽井沢町大字追分　軽井沢特別地域気象観測所,36,20.5,138,32.8
48346,長野,上高地,カミコウチ,松本市安曇上高地国有林,36,14.9,137,38
48361,長野,松本,マツモト,松本市沢村　松本特別地域気象観測所,36,14.8,137,58.2
48363,長野,松本今井,マツモトイマイ,松本市大字空港東　松本航空気象観測所,36,10,137,55.3
48371,長野,鹿教湯,カケユ,上田市鹿教湯温泉,36,18.1,138,8.2
48381,長野,立科,タテシナ,北佐久郡立科町芦田,36,16.3,138,18.8
48386,長野,佐久,サク,佐久市中込,36,14.8,138,28.6
48436,長野,白樺湖,シラカバコ,茅野市北山,36,6.3,138,13.7
48466,長野,奈川,ナガワ,松本市奈川,36,5.3,137,41
48491,長野,諏訪,スワ,諏訪市湖岸通り　諏訪特別地域気象観測所,36,2.7,138,6.5
48516,長野,北相木,キタアイキ,南佐久郡北相木村字板置場,36,4.3,138,36.7
48531,長野,開田高原,カイダコウゲン,木曽郡木曽町開田高原西野,35,56.3,137,36.1
48541,長野,木曽平沢,キソヒラサワ,塩尻市大字木曽平沢,35,59,137,50.1
48546,長野,辰野,タツノ,上伊那郡辰野町中央,35,58.9,137,59
48556,長野,高遠,タカトオ,伊那市高遠町藤沢,35,57.2,138,6.5
48561,長野,原村,ハラムラ,諏訪郡原村,35,58.2,138,13.2
48571,長野,野辺山,ノベヤマ,南佐久郡南牧村野辺山,35,56.9,138,28.3
48601,長野,御嶽山,オンタケサン,木曽郡王滝村御岳国有林,35,52.3,137,30.2
48606,長野,木曽福島,キソフクシマ,木曽郡木曽町福島,35,50.4,137,41.3
48621,長野,伊那,イナ,伊那市下新田,35,49.5,137,57.3
48681,長野,宮田高原,ミヤタコウゲン,上伊那郡宮田村,35,46.4,137,53.1
48691,長野,杉島,スギシマ,伊那市長谷杉島,35,43.6,138,5.6
48716,長野,須原,スハラ,木曽郡大桑村須原殿,35,41.9,137,41.5
48717,長野,南木曽,ナギソ,木曽郡南木曽町読書,35,36.6,137,37.2
48731,長野,飯島,イイジマ,上伊那郡飯島町七久保,35,39.2,137,53.9
48737,長野,大鹿,オオシカ,下伊那郡大鹿村大河原,35,33.4,138,2.4
48767,長野,飯田,イイダ,飯田市高羽町　飯田特別地域気象観測所,35,31.4,137,49.3
48826,長野,浪合,ナミアイ,下伊那郡阿智村浪合,35,22.4,137,41.5
48836,長野,阿南,アナン,下伊那郡阿南町南条,35,18.8,137,48.7
48841,長野,南信濃,ミナミシナノ,飯田市南信濃和田字夜川瀬,35,19.3,137,55.9
49036,山梨,大泉,オオイズミ,北杜市大泉町谷戸,35,51.7,138,23.2
49052,山梨,乙女湖,オトメコ,山梨市牧丘町柳平,35,48.4,138,39.3
49086,山梨,韮崎,ニラサキ,韮崎市大草町若尾,35,41.6,138,26.9
49142,山梨,甲府,コウフ,甲府市飯田　甲府地方気象台,35,40,138,33.2
49151,山梨,勝沼,カツヌマ,甲州市勝沼町勝沼,35,39.8,138,43.5
49161,山梨,大月,オオツキ,大月市大月,35,36.5,138,56.3
49172,山梨,上野原,ウエノハラ,上野原市松留,35,37.2,139,6.3
49187,山梨,富士川,フジカワ,南巨摩郡富士川町最勝寺,35,33.7,138,26.9
49196,山梨,古関,フルセキ,甲府市古関町,35,31.7,138,36.9
49236,山梨,切石,キリイシ,南巨摩郡身延町切石,35,28,138,26.5
49251,山梨,河口湖,カワグチコ,南都留郡富士河口湖町船津　河口湖特別地域気象観測所,35,30,138,45.6
49256,山梨,山中,ヤマナカ,南都留郡山中湖村梨ケ原,35,26.2,138,50.2
49316,山梨,南部,ナンブ,南巨摩郡南部町南部,35,17.3,138,26.7
50056,静岡,白糸,シライト,富士宮市原,35,18.7,138,34.7
50106,静岡,井川,イカワ,静岡市葵区井川,35,13,138,13.3
50111,静岡,梅ケ島,ウメガシマ,静岡市葵区入島,35,14.2,138,20.5
50136,静岡,御殿場,ゴテンバ,御殿場市萩原,35,18.3,138,55.6
50196,静岡,富士,フジ,富士市厚原,35,11.1,138,39.8
50206,静岡,三島,ミシマ,三島市東本町　三島特別地域気象観測所,35,6.8,138,55.5
50226,静岡,佐久間,サクマ,浜松市天竜区佐久間町浦川,35,3.4,137,45.7
50232,静岡,春野,ハルノ,浜松市天竜区春野町五和,35,0.7,137,56.7
50241,静岡,川根本町,カワネホンチョウ,榛原郡川根本町田代,35,6.1,138,7.7
50247,静岡,鍵穴,カギアナ,静岡市葵区鍵穴,35,2.9,138,14.8
50261,静岡,清水,シミズ,静岡市清水区興津中町,35,3.2,138,31.3
50281,静岡,網代,アジロ,熱海市網代　網代特別地域気象観測所,35,2.7,139,5.5
50296,静岡,熊,クマ,浜松市天竜区熊,34,57.5,137,44
50317,静岡,高根山,タカネサン,藤枝市瀬戸谷,34,58.5,138,11.8
50331,静岡,静岡,シズオカ,静岡市駿河区曲金　静岡地方気象台,34,58.5,138,24.2
50371,静岡,三ヶ日,ミッカビ,浜松市北区三ヶ日町三ヶ日,34,48.1,137,33.4
50386,静岡,天竜,テンリュウ,浜松市天竜区船明,34,53.4,137,48.8
50391,静岡,三倉,ミクラ,周智郡森町三倉,34,53.7,137,56.4
50416,静岡,土肥,トイ,伊豆市小下田,34,52.6,138,45.7
50426,静岡,湯ケ島,ユガシマ,伊豆市市山,34,54,138,55.5
50427,静岡,天城山,アマギサン,伊豆市菅引字天城山菅引入,34,52.3,139,1.4
50456,静岡,浜松,ハママツ,浜松市中区高丘東　浜松特別地域気象観測所,34,45.2,137,42.7
50466,静岡,掛川,カケガワ,掛川市長谷,34,46.1,137,59.7
50476,静岡,菊川牧之原,キクガワマキノハラ,菊川市倉沢,34,47.1,138,8.3
50477,静岡,静岡空港,シズオカクウコウ,牧之原市坂口　静岡航空気象観測所,34,47.7,138,11.3
50491,静岡,松崎,マツザキ,賀茂郡松崎町江奈,34,45.3,138,47
50506,静岡,稲取,イナトリ,賀茂郡東伊豆町稲取,34,46.9,139,2.9
50536,静岡,磐田,イワタ,磐田市南島,34,41.5,137,52.8
50551,静岡,御前崎,オマエザキ,御前崎市御前崎　御前崎特別地域気象観測所,34,36.2,138,12.7
50561,静岡,石廊崎,イロウザキ,賀茂郡南伊豆町石廊崎石室山　石廊崎特別地域気象観測所,34,36.2,138,50.5
51011,愛知,一宮,イチノミヤ,一宮市千秋町佐野字辻田,35,17.9,136,51.2
51031,愛知,愛西,アイサイ,愛西市江西町川原,35,13,136,41.9
51056,愛知,小原,オバラ,豊田市小原町上平,35,13.7,137,17.1
51071,愛知,稲武,イナブ,豊田市稲武町スソガエト,35,12.7,137,30.4
51077,愛知,茶臼山,チャウスヤマ,北設楽郡豊根村大字坂宇場字御所平,35,13.2,137,39.6
51096,愛知,蟹江,カニエ,海部郡蟹江町蟹江本町クノ割,35,8.2,136,47.5
51106,愛知,名古屋,ナゴヤ,名古屋市千種区日和町　名古屋地方気象台,35,10,136,57.9
51116,愛知,豊田,トヨタ,豊田市高町東山,35,7.9,137,10.6
51192,愛知,阿蔵,アゾウ,豊田市阿蔵町猫田,35,4.7,137,24.8
51216,愛知,大府,オオブ,大府市森岡町,34,59.7,136,56.6
51226,愛知,岡崎,オカザキ,岡崎市美合町地蔵野,34,55.1,137,11.6
51241,愛知,作手,ツクデ,新城市作手高里字木戸口,34,58.6,137,25.5
51247,愛知,新城,シンシロ,新城市富沢字広瀬,34,54.4,137,31.1
51261,愛知,セントレア,セントレア,常滑市セントレア　中部航空地方気象台,34,51.5,136,48.3
51271,愛知,一色,イッシキ,西尾市一色町一色伊那跨,34,48.7,137,1.7
51281,愛知,蒲郡,ガマゴオリ,蒲郡市神ノ郷町上名取,34,50.7,137,13
51311,愛知,南知多,ミナミチタ,知多郡南知多町大字豊丘字浜見台,34,44.4,136,56.3
51331,愛知,豊橋,トヨハシ,豊橋市神野新田町レノ割,34,45,137,20.5
51346,愛知,伊良湖,イラコ,田原市福江町字金五郎坂　伊良湖特別地域気象観測所,34,37.7,137,5.6
51356,愛知,田原,タハラ,田原市高松町尾村崎,34,37.6,137,13.3
52041,岐阜,河合,カワイ,飛騨市河合町角川,36,18.3,137,6
52051,岐阜,神岡,カミオカ,飛騨市神岡町殿,36,19.3,137,18.5
52081,岐阜,白川,シラカワ,大野郡白川村鳩谷字北長,36,16.4,136,53.8
52111,岐阜,栃尾,トチオ,高山市奥飛騨温泉郷今見,36,14.9,137,30.2
52131,岐阜,御母衣,ミボロ,大野郡白川村牧,36,8.8,136,54.5
52137,岐阜,清見,キヨミ,高山市清見町大谷,36,10.8,137,2.7
52146,岐阜,高山,タカヤマ,高山市桐生町　高山特別地域気象観測所,36,9.3,137,15.2
52152,岐阜,丹生川,ニュウカワ,高山市丹生川町瓜田,36,11.2,137,22.3
52173,岐阜,ひるがの,ヒルガノ,郡上市高鷲町ひるがの,36,0.6,136,53.6
52181,岐阜,六厩,ムマヤ,高山市荘川町六厩,36,3.6,137,2.1
52192,岐阜,船山,フナヤマ,高山市久々野町無数河,36,2.1,137,15.6
52196,岐阜,宮之前,ミヤノマエ,高山市朝日町宮之前,36,0.9,137,23.3
52221,岐阜,長滝,ナガタキ,郡上市白鳥町長滝字三昧,35,55.4,136,49.9
52286,岐阜,萩原,ハギワラ,下呂市萩原町羽根,35,53.3,137,12.4
52321,岐阜,関市板取,セキシイタドリ,関市板取,35,43.4,136,47
52331,岐阜,八幡,ハチマン,郡上市八幡町旭田尻,35,45.4,136,58.7
52346,岐阜,宮地,ミヤジ,下呂市宮地,35,45.8,137,17.3
52381,岐阜,樽見,タルミ,本巣市根尾神所,35,38.3,136,36.1
52406,岐阜,金山,カナヤマ,下呂市金山町大船渡,35,39.7,137,9.6
52421,岐阜,付知,ツケチ,中津川市付知町,35,39.7,137,25.6
52461,岐阜,美濃,ミノ,美濃市前野中川原,35,33.3,136,54.6
52476,岐阜,伽藍,ガラン,加茂郡八百津町伽藍谷,35,30.9,137,13.8
52482,岐阜,黒川,クロカワ,加茂郡白川町黒川,35,35.9,137,19.1
52511,岐阜,揖斐川,イビガワ,揖斐郡揖斐川町三輪,35,29.1,136,34
52536,岐阜,美濃加茂,ミノカモ,美濃加茂市西町,35,26.7,137,0.3
52556,岐阜,恵那,エナ,恵那市長島町永田大洞,35,26.8,137,24.2
52557,岐阜,中津川,ナカツガワ,中津川市手賀野,35,28.6,137,29.2
52571,岐阜,関ケ原,セキガハラ,不破郡関ケ原町関ケ原,35,21.8,136,28
52581,岐阜,大垣,オオガキ,大垣市禾森町,35,20.8,136,37.2
52586,岐阜,岐阜,ギフ,岐阜市加納二之丸　岐阜地方気象台,35,24,136,45.7
52606,岐阜,多治見,タジミ,多治見市光ケ丘,35,20.8,137,6.5
52642,岐阜,上石津,カミイシヅ,大垣市上石津町堂之上,35,14.8,136,27.5
53016,三重,北勢,ホクセイ,いなべ市北勢町其原,35,8.6,136,32.3
53041,三重,桑名,クワナ,桑名市江場字正金縄,35,3,136,41.6
53061,三重,四日市,ヨッカイチ,四日市市日永　四日市特別地域気象観測所,34,56.4,136,34.8
53091,三重,亀山,カメヤマ,亀山市椿世町,34,52.2,136,27.2
53112,三重,上野,ウエノ,伊賀市緑ケ丘本町　上野特別地域気象観測所,34,45.7,136,8.5
53121,三重,笠取山,カサトリヤマ,津市榊原町,34,43.5,136,18.5
53133,三重,津,ツ,津市島崎町　津地方気象台,34,44,136,31.1
53141,三重,名張,ナバリ,名張市鴻之台1番町,34,37.6,136,6.5
53151,三重,白山,ハクサン,津市白山町南家城,34,37.5,136,19.3
53196,三重,小俣,オバタ,伊勢市小俣町明野,34,31.7,136,39.9
53231,三重,粥見,カユミ,松阪市飯南町粥見,34,26.9,136,23.4
53257,三重,鳥羽,トバ,鳥羽市鳥羽,34,28.9,136,49.5
53287,三重,藤坂峠,フジサカトウゲ,度会郡大紀町永会字中河内,34,19.4,136,29.3
53296,三重,南伊勢,ミナミイセ,度会郡南伊勢町船越,34,20.7,136,40.9
53307,三重,阿児,アゴ,志摩市阿児町甲賀字浅野,34,18.5,136,52.4
53321,三重,宮川,ミヤガワ,多気郡大台町久豆,34,16.7,136,12.5
53326,三重,紀伊長島,キイナガシマ,北牟婁郡紀北町長島,34,12.5,136,19.6
53378,三重,尾鷲,オワセ,尾鷲市南陽町　尾鷲特別地域気象観測所,34,4.1,136,11.6
53401,三重,熊野新鹿,クマノアタシカ,熊野市新鹿町,33,55.9,136,8.3
53416,三重,御浜,ミハマ,南牟婁郡御浜町上野,33,51.1,135,58.8
54012,新潟,粟島,アワシマ,岩船郡粟島浦村字内浦,38,27.9,139,15.2
54041,新潟,弾崎,ハジキザキ,佐渡市鷲崎字弾崎,38,19.8,138,30.7
54056,新潟,高根,タカネ,村上市高根,38,19.8,139,36.2
54086,新潟,村上,ムラカミ,村上市三之町,38,13.6,139,28.7
54097,新潟,三面,ミオモテ,村上市茎太,38,14.8,139,36.3
54157,新潟,相川,アイカワ,佐渡市相川三町目新浜町　相川特別地域気象観測所,38,1.7,138,14.4
54166,新潟,両津,リョウツ,佐渡市両津湊,38,4.4,138,26.4
54167,新潟,秋津,アキツ,佐渡市秋津　佐渡航空気象観測所,38,3.6,138,24.8
54181,新潟,中条,ナカジョウ,胎内市新和町,38,3.6,139,24.5
54191,新潟,下関,シモセキ,岩船郡関川村下関,38,5.5,139,33.8
54232,新潟,新潟,ニイガタ,新潟市中央区美咲町　新潟地方気象台,37,53.6,139,1.1
54236,新潟,松浜,マツハマ,新潟市東区松浜町　新潟航空気象観測所,37,57.3,139,6.7
54271,新潟,羽茂,ハモチ,佐渡市羽茂本郷,37,50.5,138,18.8
54296,新潟,新津,ニイツ,新潟市秋葉区小戸上組,37,47.5,139,5.2
54301,新潟,瓢湖,ヒョウコ,阿賀野市中島字諏訪前,37,50,139,14.2
54311,新潟,赤谷,アカダニ,新発田市上赤谷字大檀原,37,50.1,139,24.9
54341,新潟,巻,マキ,新潟市西蒲区巻甲,37,46.1,138,54.8
54387,新潟,寺泊,テラドマリ,長岡市寺泊二の関,37,38.4,138,46
54396,新潟,三条,サンジョウ,三条市西裏館,37,38.4,138,57.3
54406,新潟,村松,ムラマツ,五泉市愛宕,37,41.8,139,11.3
54421,新潟,津川,ツガワ,東蒲原郡阿賀町津川,37,40.3,139,26.8
54462,新潟,宮寄上,ミヤヨリカミ,加茂市宮寄上,37,34.8,139,8.4
54472,新潟,室谷,ムロヤ,東蒲原郡阿賀町神谷丙,37,33,139,22.2
54501,新潟,長岡,ナガオカ,長岡市緑町,37,27,138,49.4
54506,新潟,栃尾,トチオ,長岡市栃尾大町,37,28.5,138,59.5
54541,新潟,柏崎,カシワザキ,柏崎市元城町,37,21.1,138,33.2
54566,新潟,守門,スモン,魚沼市西名,37,20.8,139,2.6
54586,新潟,大潟,オオガタ,上越市大潟区土底浜,37,13.5,138,19.5
54606,新潟,小国,オグニ,長岡市小国町新町,37,17.5,138,42.1
54616,新潟,小出,コイデ,魚沼市佐梨,37,13.6,138,57.8
54621,新潟,大湯,オオユ,魚沼市下折立,37,12.3,139,3.7
54651,新潟,高田,タカダ,上越市大手町　高田特別地域気象観測所,37,6.4,138,14.8
54661,新潟,安塚,ヤスヅカ,上越市安塚区和田,37,6.4,138,27.4
54666,新潟,川谷,カワダニ,上越市吉川区川谷字宮田,37,12,138,31
54671,新潟,松代,マツダイ,十日町市松代,37,7.9,138,36.4
54676,新潟,十日町,トオカマチ,十日町市小泉字北原,37,8.6,138,43.6
54711,新潟,糸魚川,イトイガワ,糸魚川市東寺町,37,2.6,137,52.5
54721,新潟,能生,ノウ,糸魚川市大字平,37,5,138,1.4
54737,新潟,筒方,ドウガタ,上越市板倉区筒方,37,1.8,138,20.6
54761,新潟,塩沢,シオザワ,南魚沼市塩沢,37,2.3,138,50.8
54816,新潟,関山,セキヤマ,妙高市大字関山字原田,36,56,138,13.3
54836,新潟,津南,ツナン,中魚沼郡津南町中深見乙,36,59.8,138,41
54841,新潟,湯沢,ユザワ,南魚沼郡湯沢町湯沢字中島川原,36,56.5,138,48.6
54876,新潟,平岩,ヒライワ,糸魚川市山之坊,36,53.2,137,51.8
54892,新潟,樽本,タルモト,妙高市大字樽本乙,36,53.4,138,16.5
55021,富山,泊,トマリ,下新川郡朝日町東草野,36,57.1,137,33.1
55041,富山,氷見,ヒミ,氷見市七分一,36,51.8,136,57.6
55056,富山,魚津,ウオヅ,魚津市六郎丸,36,49.3,137,25.7
55063,富山,宇奈月,ウナヅキ,黒部市宇奈月町内山,36,50.8,137,33.4
55091,富山,伏木,フシキ,高岡市伏木古国府　伏木特別地域気象観測所,36,47.5,137,3.3
55102,富山,富山,トヤマ,富山市石坂　富山地方気象台,36,42.5,137,12.1
55141,富山,砺波,トナミ,砺波市五郎丸,36,36.6,136,57.3
55151,富山,秋ヶ島,アキガシマ,富山市秋ヶ島　富山航空気象観測所,36,38.9,137,11.2
55156,富山,大山,オオヤマ,富山市花崎,36,36.5,137,17
55166,富山,上市,カミイチ,中新川郡上市町東種,36,40.2,137,25.4
55191,富山,南砺高宮,ナントタカミヤ,南砺市高宮,36,32.7,136,52.3
55206,富山,八尾,ヤツオ,富山市八尾町鏡町,36,34.7,137,7.9
55217,富山,立山芦峅,タテヤマアシクラ,中新川郡立山町芦峅寺,36,34.6,137,23.1
55252,富山,五箇山,ゴカヤマ,南砺市下梨中の平,36,25.8,136,56.5
55267,富山,猪谷,イノタニ,富山市猪谷,36,28.4,137,14.2
56036,石川,珠洲,スズ,珠洲市正院町正院,37,26.8,137,17.2
56052,石川,輪島,ワジマ,輪島市鳳至町畠田　輪島特別地域気象観測所,37,23.4,136,53.7
56081,石川,門前,モンゼン,輪島市門前町北川,37,15.7,136,43.7
56093,石川,三井,ミイ,輪島市三井町洲衛　能登航空気象観測所,37,17.6,136,57.7
56116,石川,志賀,シカ,羽咋郡志賀町富来領家町甲,37,8.6,136,43.5
56146,石川,七尾,ナナオ,七尾市万行町43の部,37,1.8,136,59.5
56176,石川,羽咋,ハクイ,羽咋市旭町,36,53.6,136,46.6
56186,石川,かほく,カホク,かほく市内日角井,36,42.7,136,41.5
56192,石川,宝達志水,ホウダツシミズ,羽咋郡宝達志水町坪山,36,47.3,136,46.1
56227,石川,金沢,カナザワ,金沢市西念　金沢地方気象台,36,35.3,136,38
56232,石川,医王山,イオウゼン,金沢市平等本町,36,31.2,136,44.7
56276,石川,小松,コマツ,小松市今江町,36,22.9,136,26.1
56286,石川,白山河内,ハクサンカワチ,白山市河内町福岡,36,23.8,136,37.2
56301,石川,加賀菅谷,カガスガタニ,加賀市山中温泉菅谷町,36,13.8,136,21.7
56346,石川,白山白峰,ハクサンシラミネ,白山市白峰,36,10.8,136,37.5
56401,石川,舳倉島,ヘグラジマ,輪島市海士町所属舳倉島高見,37,51,136,55.1
57001,福井,三国,ミクニ,坂井市三国町平山,36,14.6,136,10.4
57026,福井,春江,ハルエ,坂井市春江町江留中　福井航空気象観測所,36,8.5,136,13.4
57051,福井,越廼,コシノ,福井市居倉町,36,0.7,135,59.4
57066,福井,福井,フクイ,福井市豊島　福井地方気象台,36,3.3,136,13.3
57071,福井,美山,ミヤマ,福井市美山町,35,59.9,136,21.5
57082,福井,勝山,カツヤマ,勝山市平泉寺町平泉寺86字岡道北,36,2.3,136,31.3
57106,福井,武生,タケフ,越前市村国,35,54.3,136,10.4
57121,福井,大野,オオノ,大野市93字蛇塚,35,58.3,136,29.8
57176,福井,九頭竜,クズリュウ,大野市貝皿,35,54.5,136,40.1
57206,福井,今庄,イマジョウ,南条郡南越前町今庄,35,46,136,12
57248,福井,敦賀,ツルガ,敦賀市松栄町　敦賀特別地域気象観測所,35,39.2,136,3.7
57286,福井,美浜,ミハマ,三方郡美浜町久々子,35,36,135,55
57311,福井,大飯,オオイ,大飯郡おおい町本郷,35,28.8,135,37
57317,福井,小浜,オバマ,小浜市遠敷,35,29,135,46.9
60026,滋賀,柳ケ瀬,ヤナガセ,長浜市余呉町柳ケ瀬字大門,35,34.9,136,11.3
60051,滋賀,今津,イマヅ,高島市今津町弘川,35,24.7,136,1.7
60061,滋賀,長浜,ナガハマ,長浜市唐国町,35,25.4,136,14.5
60081,滋賀,朽木平良,クツキヘラ,高島市朽木平良,35,18.5,135,49.8
60102,滋賀,米原,マイバラ,米原市朝日字尻屋,35,23,136,20.6
60116,滋賀,南小松,ミナミコマツ,大津市南小松,35,14.1,135,57.4
60131,滋賀,彦根,ヒコネ,彦根市城町　彦根地方気象台,35,16.5,136,14.6
60161,滋賀,近江八幡,オウミハチマン,近江八幡市土田町,35,7.6,136,5.5
60196,滋賀,東近江,ヒガシオウミ,東近江市桜川東町,35,3.7,136,11.4
60216,滋賀,大津,オオツ,大津市萱野浦,34,59.5,135,54.7
60226,滋賀,信楽,シガラキ,甲賀市信楽町牧,34,54.8,136,4.8
60236,滋賀,土山,ツチヤマ,甲賀市土山町北土山,34,56.3,136,16.7
61001,京都,間人,タイザ,京丹後市丹後町間人,35,44.2,135,5.2
61031,京都,峰山,ミネヤマ,京丹後市峰山町荒山,35,37.1,135,4.3
61076,京都,宮津,ミヤヅ,宮津市上司,35,33,135,14.1
61096,京都,坂浦,サカウラ,福知山市下野条,35,25.1,135,5.2
61111,京都,舞鶴,マイヅル,舞鶴市字下福井　舞鶴特別地域気象観測所,35,27,135,19
61151,京都,睦寄,ムツヨリ,綾部市睦寄町狸岩,35,22.9,135,27.2
61187,京都,福知山,フクチヤマ,福知山市字荒河,35,18.7,135,6.8
61191,京都,綾部,アヤベ,綾部市上野町上野,35,17.6,135,15.5
61192,京都,三和,ミワ,福知山市三和町千束,35,13,135,13.9
61201,京都,本庄,ホンジョウ,船井郡京丹波町本庄西畑,35,15.6,135,23.7
61206,京都,美山,ミヤマ,南丹市美山町静原桧野,35,16.5,135,33
61241,京都,須知,シュウチ,船井郡京丹波町富田蒲生野,35,10.6,135,25.2
61242,京都,園部,ソノベ,南丹市園部町黒田,35,6.5,135,27.3
61251,京都,京北,ケイホク,京都市右京区京北比賀江町院谷,35,10.9,135,39.7
61286,京都,京都,キョウト,京都市中京区西ノ京笠殿町　京都地方気象台,35,0.8,135,43.9
61306,京都,長岡京,ナガオカキョウ,長岡京市光風台,34,55.8,135,40.7
61326,京都,京田辺,キョウタナベ,京田辺市薪西浜,34,49.8,135,45.6
62016,大阪,能勢,ノセ,豊能郡能勢町地黄,34,56.9,135,27.3
62037,大阪,茨木,イバラキ,茨木市大字桑原,34,51.6,135,33.6
62046,大阪,枚方,ヒラカタ,枚方市星丘,34,48.5,135,40.3
62051,大阪,豊中,トヨナカ,豊中市蛍池西町　大阪航空測候所,34,47,135,26.3
62078,大阪,大阪,オオサカ,大阪市中央区大手前　大阪管区気象台,34,40.9,135,31.1
62081,大阪,生駒山,イコマヤマ,東大阪市山手町,34,40.5,135,40.6
62091,大阪,堺,サカイ,堺市堺区百舌鳥夕雲町,34,33.3,135,29.1
62096,大阪,八尾,ヤオ,八尾市空港　八尾航空気象観測所,34,35.8,135,36
62101,大阪,関空島,カンクウジマ,泉南郡田尻町泉州空港中　関西航空地方気象台,34,26,135,13.9
62111,大阪,河内長野,カワチナガノ,河内長野市日野,34,25.4,135,32.6
62131,大阪,熊取,クマトリ,泉南郡熊取町朝代西,34,23.1,135,21
63016,兵庫,香住,カスミ,美方郡香美町香住区森,35,37.5,134,37.6
63032,兵庫,温泉,オンセン,美方郡新温泉町桐岡字穴町,35,31.7,134,28.8
63051,兵庫,豊岡,トヨオカ,豊岡市桜町　豊岡特別地域気象観測所,35,32.1,134,49.3
63071,兵庫,兎和野高原,ウワノコウゲン,美方郡香美町村岡区宿字菟臥野,35,25.9,134,35
63111,兵庫,大屋,オオヤ,養父市大屋町山路,35,19.9,134,39.9
63116,兵庫,八鹿,ヨウカ,養父市八鹿町高柳字篠尾,35,23.9,134,44.4
63121,兵庫,和田山,ワダヤマ,朝来市和田山町枚田,35,19.4,134,50.9
63201,兵庫,生野,イクノ,朝来市生野町口銀谷,35,10,134,47.5
63216,兵庫,柏原,カイバラ,丹波市柏原町柏原,35,8.2,135,3.9
63241,兵庫,佐用,サヨウ,佐用郡佐用町円応寺,35,1,134,22.1
63251,兵庫,一宮,イチノミヤ,宍粟市一宮町東市場,35,5.8,134,35.1
63321,兵庫,福崎,フクサキ,神崎郡福崎町福崎新,34,57,134,44.9
63331,兵庫,西脇,ニシワキ,西脇市上比延町,34,59.9,134,59.8
63346,兵庫,後川,シツカワ,篠山市後川上,35,1.5,135,17.6
63366,兵庫,上郡,カミゴオリ,赤穂郡上郡町与井,34,51.5,134,22.4
63383,兵庫,姫路,ヒメジ,姫路市神子岡前　姫路特別地域気象観測所,34,50.3,134,40.2
63411,兵庫,三田,サンダ,三田市下深田,34,53.7,135,12.7
63461,兵庫,三木,ミキ,三木市志染町広野,34,46.6,135,0.8
63477,兵庫,西宮,ニシノミヤ,西宮市奥畑,34,45,135,20.1
63491,兵庫,家島,イエシマ,姫路市家島町真浦字御室寺,34,40.3,134,31.6
63496,兵庫,明石,アカシ,明石市二見町南二見,34,41.2,134,52.6
63517,兵庫,神戸空港,コウベクウコウ,神戸市中央区神戸空港　神戸航空気象観測所,34,37.9,135,13.4
63518,兵庫,神戸,コウベ,神戸市中央区脇浜海岸通　神戸地方気象台,34,41.8,135,12.7
63551,兵庫,郡家,グンゲ,淡路市多賀,34,28,134,50.9
63576,兵庫,洲本,スモト,洲本市小路谷　洲本特別地域気象観測所,34,20.3,134,54.3
63588,兵庫,南淡,ナンダン,南あわじ市阿万塩屋町,34,13.1,134,43.2
64036,奈良,奈良,ナラ,奈良市東紀寺町　奈良地方気象台,34,40.4,135,50.2
64041,奈良,針,ハリ,奈良市都祁友田町,34,36.3,135,57.1
64056,奈良,田原本,タワラモト,磯城郡田原本町,34,33.3,135,47.1
64076,奈良,曽爾,ソニ,宇陀郡曽爾村太良路,34,31.3,136,9.5
64091,奈良,葛城,カツラギ,葛城市寺口,34,29.3,135,42.2
64101,奈良,大宇陀,オオウダ,宇陀市大宇陀下竹,34,29.3,135,55.9
64127,奈良,五條,ゴジョウ,五條市三在町,34,22.8,135,43.8
64136,奈良,吉野,ヨシノ,吉野郡吉野町宮滝,34,22.7,135,54
64161,奈良,天川,テンカワ,吉野郡天川村大字洞川,34,16.2,135,53
64206,奈良,上北山,カミキタヤマ,吉野郡上北山村小橡,34,8.2,136,0.3
64227,奈良,風屋,カゼヤ,吉野郡十津川村風屋,34,2.7,135,47.2
64236,奈良,下北山,シモキタヤマ,吉野郡下北山村佐田,34,0.2,135,58
64261,奈良,玉置山,タマキヤマ,吉野郡十津川村山手谷,33,55.6,135,49.8
65021,和歌山,葛城山,カツラギサン,紀の川市切畑,34,20.8,135,26.2
65026,和歌山,かつらぎ,カツラギ,伊都郡かつらぎ町妙寺,34,18.6,135,31.7
65036,和歌山,友ケ島,トモガシマ,和歌山市加太苫ケ沖島,34,16.8,135,0
65042,和歌山,和歌山,ワカヤマ,和歌山市男野芝丁　和歌山地方気象台,34,13.7,135,9.8
65061,和歌山,高野山,コウヤサン,伊都郡高野町高野山,34,13.3,135,35.4
65106,和歌山,湯浅,ユアサ,有田郡湯浅町湯浅,34,2.1,135,10.9
65121,和歌山,清水,シミズ,有田郡有田川町清水,34,5.2,135,25.5
65127,和歌山,護摩壇山,ゴマダンザン,田辺市龍神村龍神,34,2.4,135,34
65162,和歌山,龍神,リュウジン,田辺市龍神村湯ノ又,33,56.7,135,33.4
65201,和歌山,川辺,カワベ,日高郡日高川町和佐,33,53.6,135,13
65226,和歌山,本宮,ホングウ,田辺市本宮町本宮,33,50.2,135,46.4
65256,和歌山,栗栖川,クリスガワ,田辺市中辺路町栗栖川,33,47.5,135,30.8
65276,和歌山,新宮,シングウ,新宮市佐野,33,41.2,135,58.2
65288,和歌山,南紀白浜,ナンキシラハマ,西牟婁郡白浜町　南紀白浜航空気象観測所,33,39.7,135,21.8
65306,和歌山,西川,ニシカワ,東牟婁郡古座川町西川,33,38.3,135,42.6
65311,和歌山,色川,イロカワ,東牟婁郡那智勝浦町大野,33,40.5,135,50.9
65321,和歌山,日置川,ヒキガワ,西牟婁郡白浜町安居,33,36.3,135,28.8
65356,和歌山,潮岬,シオノミサキ,東牟婁郡串本町潮岬　潮岬特別地域気象観測所,33,27,135,45.4
66046,岡山,上長田,カミナガタ,真庭市蒜山上長田,35,17.8,133,43.5
66056,岡山,恩原,オンバラ,苫田郡鏡野町上斎原,35,18,133,59.2
66091,岡山,千屋,チヤ,新見市千屋,35,6.2,133,26.1
66112,岡山,富,トミ,苫田郡鏡野町富西谷,35,10.7,133,48.3
66127,岡山,奈義,ナギ,勝田郡奈義町荒内西字大池,35,6.7,134,10.2
66136,岡山,今岡,イマオカ,美作市今岡,35,5.9,134,19.5
66171,岡山,久世,クセ,真庭市中島,35,4.1,133,45.2
66186,岡山,津山,ツヤマ,津山市林田　津山特別地域気象観測所,35,3.8,134,0.5
66221,岡山,新見,ニイミ,新見市足見堂の下,34,56.6,133,31.1
66226,岡山,下呰部,シモアザエ,真庭市下呰部,34,57.9,133,37.7
66237,岡山,旭西,アサヒニシ,久米郡美咲町西,34,57.7,133,48.7
66251,岡山,赤磐,アカイワ,赤磐市黒本,34,55.1,134,4.9
66276,岡山,陣山,ジンヤマ,高梁市松原町字松岡陣山,34,49.7,133,31.4
66287,岡山,吉備中央,キビチュウオウ,加賀郡吉備中央町北,34,49,133,42.3
66296,岡山,福渡,フクワタリ,岡山市北区建部町福渡,34,52,133,54.2
66306,岡山,和気,ワケ,和気郡和気町吉田,34,48.9,134,11
66336,岡山,高梁,タカハシ,高梁市落合町近似,34,47.5,133,36.6
66346,岡山,日応寺,ニチオウジ,岡山市北区日応寺　岡山航空気象観測所,34,45.4,133,51.3
66381,岡山,佐屋,サヤ,井原市芳井町佐屋,34,41.1,133,26.7
66391,岡山,矢掛,ヤカゲ,小田郡矢掛町東三成,34,37,133,37.1
66408,岡山,岡山,オカヤマ,岡山市北区津島中　岡山地方気象台,34,41.1,133,55.5
66421,岡山,虫明,ムシアゲ,瀬戸内市邑久町虫明,34,40.9,134,12.4
66446,岡山,倉敷,クラシキ,倉敷市中央,34,35.4,133,46.1
66481,岡山,笠岡,カサオカ,笠岡市カブト東町,34,30.1,133,29.7
66501,岡山,玉野,タマノ,玉野市宇野,34,29.2,133,57
67016,広島,高野,タカノ,庄原市高野町新市,35,2,132,54.1
67026,広島,道後山,ドウゴヤマ,庄原市西城町三坂,35,3.4,133,11.3
67052,広島,君田,キミタ,三次市君田町櫃田字市井谷,34,55.7,132,49.8
67106,広島,三次,ミヨシ,三次市三次町,34,48.7,132,51
67116,広島,庄原,ショウバラ,庄原市東本町,34,51.6,133,1.4
67126,広島,東城,トウジョウ,庄原市東城町川東,34,53.7,133,16.6
67136,広島,八幡,ヤワタ,山県郡北広島町東八幡原,34,42.5,132,10.4
67151,広島,大朝,オオアサ,山県郡北広島町大朝字大坪,34,46.1,132,27.8
67161,広島,美土里,ミドリ,安芸高田市美土里町横田,34,43.3,132,39.3
67191,広島,油木,ユキ,神石郡神石高原町安田伊ノ平谷,34,45.8,133,16.7
67211,広島,王泊,オオドマリ,山県郡北広島町細見,34,41.9,132,18.7
67212,広島,加計,カケ,山県郡安芸太田町加計字神田,34,36.6,132,19.2
67217,広島,都志見,ツシミ,山県郡北広島町都志見,34,38.8,132,26.6
67231,広島,甲田,コウダ,安芸高田市甲田町高田原,34,41.7,132,45.6
67251,広島,上下,ジョウゲ,府中市上下町上下,34,41.6,133,7
67271,広島,内黒山,ウチグロヤマ,山県郡安芸太田町大字横川字横川東平,34,35.8,132,10.6
67292,広島,三入,ミイリ,広島市安佐北区三入,34,32.7,132,31.8
67306,広島,安宿,アスカ,東広島市豊栄町安宿,34,34,132,50.3
67316,広島,世羅,セラ,世羅郡世羅町大字東神崎字大田,34,35,133,3
67326,広島,府中,フチュウ,府中市土生町,34,33.7,133,13.9
67351,広島,佐伯湯来,サエキユキ,広島市佐伯区湯来町大字和田字中須賀,34,29.9,132,17.4
67371,広島,志和,シワ,東広島市志和町志和堀,34,29.9,132,39.6
67376,広島,東広島,ヒガシヒロシマ,東広島市八本松町原,34,25,132,42
67386,広島,本郷,ホンゴウ,三原市本郷町善入寺平岩　広島航空気象観測所,34,26.1,132,55.1
67401,広島,福山,フクヤマ,福山市松永町　福山特別地域気象観測所,34,26.8,133,14.8
67421,広島,廿日市津田,ハツカイチツタ,廿日市市津田,34,21.9,132,11.4
67437,広島,広島,ヒロシマ,広島市中区上八丁堀　広島地方気象台,34,23.9,132,27.7
67461,広島,竹原,タケハラ,竹原市忠海床浦,34,19.8,132,58.9
67471,広島,生口島,イクチジマ,尾道市瀬戸田町御寺,34,16.7,133,7.4
67496,広島,大竹,オオタケ,大竹市立戸,34,13.3,132,13.2
67511,広島,呉,クレ,呉市宝町　呉特別地域気象観測所,34,14.4,132,33
67566,広島,倉橋,クラハシ,呉市倉橋町須川,34,5.5,132,29.3
67576,広島,呉市蒲刈,クレシカマガリ,呉市蒲刈町大浦字前沖浦,34,9.9,132,44.9
68022,島根,西郷,サイゴウ,隠岐郡隠岐の島町西町大城ノ一　西郷特別地域気象観測所,36,12.2,133,20
68046,島根,西郷岬,サイゴウミサキ,隠岐郡隠岐の島町岬町　隠岐航空気象観測所,36,10.7,133,19.4
68056,島根,海士,アマ,隠岐郡海士町海士,36,5.8,133,5.8
68091,島根,鹿島,カシマ,松江市鹿島町北講武,35,31.2,133,1.3
68121,島根,斐川,ヒカワ,出雲市斐川町沖洲　出雲航空気象観測所,35,24.8,132,53.4
68132,島根,松江,マツエ,松江市西津田　松江地方気象台,35,27.4,133,3.9
68156,島根,出雲,イズモ,出雲市芦渡町,35,19.9,132,43.8
68166,島根,大東,ダイトウ,雲南市大東町下阿用,35,19.1,132,57.9
68181,島根,伯太,ハクタ,安来市伯太町母里,35,21,133,16.4
68206,島根,佐田,サダ,出雲市佐田町大呂,35,13.3,132,43.4
68246,島根,大田,オオダ,大田市大田町大田,35,11.4,132,29.8
68261,島根,掛合,カケヤ,雲南市掛合町掛合,35,11.8,132,48.9
68276,島根,横田,ヨコタ,仁多郡奥出雲町稲原,35,10.4,133,6.2
68286,島根,福光,フクミツ,大田市温泉津町福光,35,4.2,132,20
68306,島根,赤名,アカナ,飯石郡飯南町下赤名,35,0.1,132,42.7
68346,島根,桜江,サクラエ,江津市桜江町川戸,34,57.2,132,20
68351,島根,川本,カワモト,邑智郡川本町川本,34,58.6,132,29.5
68376,島根,浜田,ハマダ,浜田市大辻町　浜田特別地域気象観測所,34,53.8,132,4.2
68401,島根,瑞穂,ミズホ,邑智郡邑南町淀原,34,51.2,132,31.8
68421,島根,三隅,ミスミ,浜田市三隅町西河内,34,47.7,131,56.9
68431,島根,弥栄,ヤサカ,浜田市弥栄町長安本郷,34,46.6,132,6.5
68436,島根,波佐,ハザ,浜田市金城町波佐,34,46.8,132,11.8
68456,島根,高津,タカツ,益田市内田町　石見航空気象観測所,34,40.5,131,47.4
68462,島根,益田,マスダ,益田市あけぼの東町,34,40.6,131,50.6
68501,島根,匹見,ヒキミ,益田市匹見町匹見,34,34.3,132,1
68516,島根,津和野,ツワノ,鹿足郡津和野町森村ロ,34,27.7,131,46.2
68541,島根,吉賀,ヨシカ,鹿足郡吉賀町七日市,34,23.5,131,53.6
69006,鳥取,境,サカイ,境港市東本町　境特別地域気象観測所,35,32.6,133,14.1
69021,鳥取,塩津,シオツ,西伯郡大山町塩津,35,31.4,133,34
69041,鳥取,青谷,アオヤ,鳥取市青谷町青谷,35,31.2,133,59.8
69052,鳥取,湖山,コヤマ,鳥取市湖山町西　鳥取航空気象観測所,35,31.8,134,9.9
69061,鳥取,岩井,イワイ,岩美郡岩美町宇治字前田,35,33.5,134,21.6
69076,鳥取,米子,ヨナゴ,米子市博労町　米子特別地域気象観測所,35,26,133,20.3
69101,鳥取,倉吉,クラヨシ,倉吉市大塚字隈ヶ坪,35,28.4,133,50.3
69111,鳥取,鹿野,シカノ,鳥取市鹿野町河内,35,24.8,134,1
69122,鳥取,鳥取,トットリ,鳥取市吉方　鳥取地方気象台,35,29.2,134,14.3
69152,鳥取,大山,ダイセン,西伯郡大山町大山字立の坂上,35,23.6,133,32.2
69161,鳥取,関金,セキガネ,倉吉市関金町安歩,35,22.7,133,45.4
69181,鳥取,佐治,サジ,鳥取市佐治町加瀬木,35,19.7,134,6.8
69196,鳥取,若桜,ワカサ,八頭郡若桜町大字大炊,35,20,134,24.3
69222,鳥取,江尾,エビ,日野郡江府町小江尾,35,17.3,133,29
69246,鳥取,智頭,チズ,八頭郡智頭町智頭沖代,35,15.8,134,14.4
69271,鳥取,茶屋,チャヤ,日野郡日南町茶屋大ジャフ田,35,11.2,133,13.8
71066,徳島,池田,イケダ,三好市池田町シンヤマ,34,1.4,133,47.7
71087,徳島,穴吹,アナブキ,美馬市穴吹町口山初草,34,2.4,134,9.4
71106,徳島,徳島,トクシマ,徳島市大和町　徳島地方気象台,34,4,134,34.4
71136,徳島,半田,ハンダ,美馬郡つるぎ町半田字下尾尻,33,59.4,134,2.2
71191,徳島,京上,キョウジョウ,三好市東祖谷京上,33,52,133,54.2
71211,徳島,福原旭,フクハラアサヒ,勝浦郡上勝町大字旭字蔭,33,52.7,134,23.3
71231,徳島,蒲生田,カモダ,阿南市椿町蒲生田,33,50.2,134,44.5
71251,徳島,木頭,キトウ,那賀郡那賀町木頭出原クボヲ,33,46.3,134,12.3
71266,徳島,日和佐,ヒワサ,海部郡美波町日和佐浦,33,43.9,134,32.3
71291,徳島,海陽,カイヨウ,海部郡海陽町四方原字杉谷,33,36.7,134,21.3
72061,香川,内海,ウチノミ,小豆郡小豆島町西村甲,34,28.3,134,16.4
72086,香川,高松,タカマツ,高松市伏石町　高松地方気象台,34,19,134,3.2
72111,香川,多度津,タドツ,仲多度郡多度津町家中　多度津特別地域気象観測所,34,16.5,133,45.1
72121,香川,滝宮,タキノミヤ,綾歌郡綾川町滝宮字山田,34,14.2,133,55.4
72126,香川,香南,コウナン,高松市香南町由佐　高松航空気象観測所,34,12.8,134,0.9
72146,香川,引田,ヒケタ,東かがわ市南野,34,12.8,134,24.4
72161,香川,財田,サイタ,三豊市財田町財田上,34,7.2,133,46.3
72176,徳島,竜王山,リュウオウザン,徳島県美馬市美馬町字入倉,34,6.8,134,3
73001,愛媛,大三島,オオミシマ,今治市大三島町宮浦地先,34,15,133,0.4
73071,愛媛,玉川,タマガワ,今治市玉川町三反地甲,34,1.1,132,56.4
73076,愛媛,今治,イマバリ,今治市山路,34,3.2,132,58.5
73126,愛媛,西条,サイジョウ,西条市周布,33,54.9,133,4.8
73141,愛媛,新居浜,ニイハマ,新居浜市船木,33,56.2,133,20.3
73151,愛媛,四国中央,シコクチュウオウ,四国中央市妻鳥町乙,33,58.9,133,34.9
73152,愛媛,富郷,トミサト,四国中央市富郷町寒川山,33,54.9,133,30.6
73166,愛媛,松山,マツヤマ,松山市北持田町　松山地方気象台,33,50.6,132,46.6
73168,愛媛,松山南吉田,マツヤマミナミヨシダ,松山市南吉田町　松山航空気象観測所,33,49.6,132,41.9
73231,愛媛,上林,カミハヤシ,東温市大字上林甲,33,44.3,132,53.4
73247,愛媛,成就社,ジョウジュシャ,西条市西之川下谷甲,33,47.7,133,7.9
73256,愛媛,長浜,ナガハマ,大洲市長浜甲,33,37,132,28.8
73271,愛媛,中山,ナカヤマ,伊予市中山町中山丑,33,38.3,132,42.5
73276,愛媛,久万,クマ,上浮穴郡久万高原町入野,33,39.8,132,53.7
73306,愛媛,大洲,オオズ,大洲市阿蔵字フルカワ甲,33,30.5,132,32.1
73321,愛媛,獅子越峠,シシゴエトウゲ,喜多郡内子町本川防体野,33,32.6,132,49.9
73341,愛媛,瀬戸,セト,西宇和郡伊方町塩成,33,26.8,132,15.4
73351,愛媛,八幡浜,ヤワタハマ,八幡浜市五反田,33,26.9,132,26
73406,愛媛,宇和,ウワ,西予市宇和町神領,33,22,132,30.2
73442,愛媛,宇和島,ウワジマ,宇和島市住吉町　宇和島特別地域気象観測所,33,13.6,132,33.1
73446,愛媛,近永,チカナガ,北宇和郡鬼北町近永,33,15.2,132,40.5
73516,愛媛,御荘,ミショウ,南宇和郡愛南町御荘平城,32,57.8,132,34.2
74056,高知,本川,ホンガワ,吾川郡いの町脇の山字根藤,33,45.9,133,20.3
74071,高知,本山,モトヤマ,長岡郡本山町本山,33,45.2,133,34.5
74101,高知,池川,イケガワ,吾川郡仁淀川町土居甲,33,36.5,133,10.1
74126,高知,繁藤,シゲトウ,香美市土佐山田町繁藤,33,40.7,133,41.1
74136,高知,大栃,オオドチ,香美市物部町大栃上西の川,33,41.9,133,52.5
74151,高知,魚梁瀬,ヤナセ,安芸郡馬路村魚梁瀬,33,36.9,134,6.5
74166,高知,佐川,サカワ,高岡郡佐川町丙,33,30.7,133,16.3
74181,高知,高知,コウチ,高知市比島町　高知地方気象台,33,34,133,32.9
74187,高知,後免,ゴメン,南国市廿枝,33,35.4,133,38.6
74188,高知,南国日章,ナンコクニッショウ,南国市物部国有　高知航空気象観測所,33,32.7,133,40.1
74237,高知,船戸,フナト,高岡郡津野町船戸,33,25,133,5.3
74238,高知,鳥形山,トリガタヤマ,吾川郡仁淀川町大植,33,28.8,133,5
74271,高知,安芸,アキ,安芸市伊尾木,33,29.3,133,56
74276,高知,田野,タノ,安芸郡田野町,33,25.6,134,0.4
74296,高知,梼原,ユスハラ,高岡郡梼原町川西路,33,23.4,132,55.3
74311,高知,須崎,スサキ,須崎市西町,33,23.1,133,16.6
74336,高知,佐喜浜,サキハマ,室戸市佐喜浜町,33,23.6,134,12.3
74361,高知,窪川,クボカワ,高岡郡四万十町新開町,33,12.4,133,7.7
74372,高知,室戸岬,ムロトミサキ,室戸市室戸岬町　室戸岬特別地域気象観測所,33,15.1,134,10.6
74381,高知,江川崎,エカワサキ,四万十市西土佐用井,33,10.2,132,47.5
74391,高知,大正,タイショウ,高岡郡四万十町大正,33,11.6,132,58.3
74436,高知,佐賀,サガ,幡多郡黒潮町佐賀,33,4.7,133,6.1
74447,高知,宿毛,スクモ,宿毛市片島　宿毛特別地域気象観測所,32,55.2,132,41.7
74456,高知,中村,ナカムラ,四万十市入田字長善寺前,32,59.4,132,55.2
74506,高知,三崎,ミサキ,土佐清水市三崎,32,47.7,132,52.3
74516,高知,清水,シミズ,土佐清水市足摺岬　清水特別地域気象観測所,32,43.3,133,0.6
81011,山口,須佐,スサ,萩市須佐字野中,34,36.9,131,37.4
81071,山口,萩,ハギ,萩市大字土原字川島沖田　萩特別地域気象観測所,34,24.6,131,24.3
81116,山口,油谷,ユヤ,長門市油谷新別名字稲毛取山,34,22.2,131,3.3
81141,山口,篠生,シノブ,山口市阿東生雲東分,34,18.2,131,34.6
81151,山口,徳佐,トクサ,山口市阿東徳佐中,34,23.9,131,43.5
81167,山口,羅漢山,ラカンザン,岩国市美和町秋掛字羅漢山,34,21,132,3.8
81196,山口,秋吉台,アキヨシダイ,美祢市秋芳町秋吉,34,14.1,131,18.4
81228,山口,鹿野,カノ,周南市大字鹿野下字サヤ段,34,13.5,131,48.9
81231,山口,広瀬,ヒロセ,岩国市錦町広瀬,34,15.7,131,57.1
81266,山口,豊田,トヨタ,下関市豊田町大字稲光字土橋,34,11.2,131,4.6
81271,山口,東厚保,ヒガシアツ,美祢市東厚保町山中,34,7.1,131,10.9
81286,山口,山口,ヤマグチ,山口市前町　山口特別地域気象観測所,34,9.7,131,27.7
81301,山口,和田,ワダ,周南市大字垰,34,8.9,131,44.1
81321,山口,岩国,イワクニ,岩国市川西,34,9.3,132,10.7
81371,山口,防府,ホウフ,防府市大字植松,34,2.4,131,32
81386,山口,下松,クダマツ,下松市西豊井,34,0.6,131,52.3
81397,山口,玖珂,クガ,岩国市玖珂町,34,5.7,132,4.5
81428,山口,下関,シモノセキ,下関市竹崎町　下関地方気象台,33,56.9,130,55.5
81436,山口,宇部,ウベ,宇部市沖宇部地先　山口宇部航空気象観測所,33,55.8,131,16.7
81481,山口,柳井,ヤナイ,柳井市南浜,33,57.5,132,6.8
81486,山口,安下庄,アゲノショウ,大島郡周防大島町東安下庄,33,54.2,132,17.6
82036,福岡,小呂島,オロノシマ,福岡市西区大字小呂島,33,51.8,130,2.1
82046,福岡,宗像,ムナカタ,宗像市田熊,33,48.5,130,32.3
82056,福岡,八幡,ヤハタ,北九州市八幡西区鷹の巣,33,51.1,130,44.6
82068,福岡,空港北町,クウコウキタマチ,北九州市小倉南区空港北町　北九州航空気象観測所,33,50.7,131,2.1
82097,福岡,東谷,ヒガシタニ,北九州市小倉南区大字木下,33,46.7,130,51.9
82101,福岡,行橋,ユクハシ,行橋市西泉,33,42.8,130,58.5
82136,福岡,飯塚,イイヅカ,飯塚市川島字甘木　飯塚特別地域気象観測所,33,39.1,130,41.6
82171,福岡,前原,マエバル,糸島市前原西,33,33.6,130,11.4
82182,福岡,福岡,フクオカ,福岡市中央区大濠　福岡管区気象台,33,34.9,130,22.5
82186,福岡,博多,ハカタ,福岡市博多区大字上臼井字屋敷　福岡航空測候所,33,35,130,27.1
82191,福岡,太宰府,ダザイフ,太宰府市大佐野,33,29.8,130,29.4
82206,福岡,添田,ソエダ,田川郡添田町大字野田字大野ノ原,33,33.5,130,51.3
82241,福岡,早良脇山,サワラワキヤマ,福岡市早良区脇山,33,29.3,130,21.2
82261,福岡,朝倉,アサクラ,朝倉市三奈木町,33,24.3,130,41.7
82272,福岡,英彦山,ヒコサン,田川郡添田町大字英彦山,33,29.3,130,55.4
82306,福岡,久留米,クルメ,久留米市津福本町,33,18.2,130,29.6
82316,福岡,耳納山,ミノウサン,久留米市草野町字吉木,33,17.5,130,37.5
82317,福岡,黒木,クロギ,八女市黒木町本分,33,13.5,130,38.7
82331,福岡,柳川,ヤナガワ,柳川市本城町,33,9.6,130,24.2
82361,福岡,大牟田,オオムタ,大牟田市笹原町,33,0.4,130,28
83021,大分,国見,クニミ,国東市国見町中,33,40.5,131,35.4
83051,大分,中津,ナカツ,中津市大字定留,33,35.2,131,14.7
83061,大分,豊後高田,ブンゴタカダ,豊後高田市呉崎,33,34.2,131,26
83096,大分,耶馬渓,ヤバケイ,中津市耶馬渓町大島,33,26.7,131,6.9
83106,大分,院内,インナイ,宇佐市院内町山城,33,25.2,131,19
83121,大分,杵築,キツキ,杵築市大字本庄,33,25,131,35.8
83126,大分,武蔵,ムサシ,国東市武蔵町大字糸原字大海田　大分航空気象観測所,33,28.7,131,44.2
83137,大分,日田,ヒタ,日田市三本松　日田特別地域気象観測所,33,19.3,130,55.7
83191,大分,玖珠,クス,玖珠郡玖珠町大字帆足,33,17.5,131,9.3
83201,大分,湯布院,ユフイン,由布市湯布院町川南屋敷下,33,15.2,131,20.8
83216,大分,大分,オオイタ,大分市長浜町　大分地方気象台,33,14.1,131,37.1
83226,大分,佐賀関,サガノセキ,大分市大字佐賀関字太田,33,14.9,131,51.9
83242,大分,椿ヶ鼻,ツバキガハナ,日田市前津江町大野字ウスギ,33,11.4,130,54.9
83286,大分,臼杵,ウスキ,臼杵市大字諏訪字北ヶ迫,33,7.9,131,47.8
83341,大分,犬飼,イヌカイ,豊後大野市犬飼町田原,33,3.9,131,37.9
83371,大分,竹田,タケタ,竹田市大字会々,32,58.4,131,23.9
83401,大分,佐伯,サイキ,佐伯市字剣崎,32,57,131,54.1
83431,大分,宇目,ウメ,佐伯市宇目大字重岡,32,50.7,131,40.5
83476,大分,蒲江,カマエ,佐伯市蒲江蒲江浦,32,47.7,131,55.4
84012,長崎,鰐浦,ワニウラ,対馬市上対馬町鰐浦字カキセ,34,41.9,129,26.7
84072,長崎,厳原,イヅハラ,対馬市厳原町東里　厳原特別地域気象観測所,34,11.8,129,17.5
84076,長崎,美津島,ミツシマ,対馬市美津島町鶏知乙　対馬航空気象観測所,34,17.1,129,19.8
84121,長崎,芦辺,アシベ,壱岐市芦辺町国分東触,33,48,129,43.3
84122,長崎,石田,イシダ,壱岐市石田町筒城東触　壱岐航空気象観測所,33,44.9,129,47.1
84171,長崎,平戸,ヒラド,平戸市岩の上町　平戸特別地域気象観測所,33,21.6,129,33
84183,長崎,松浦,マツウラ,松浦市志佐町里免字辻ノ尾台,33,20.5,129,42.7
84236,長崎,小値賀,オヂカ,北松浦郡小値賀町前方郷　小値賀航空気象観測所,33,11.4,129,5.4
84266,長崎,佐世保,サセボ,佐世保市干尽町　佐世保特別地域気象観測所,33,9.5,129,43.6
84286,長崎,頭ヶ島,カシラガシマ,南松浦郡新上五島町友住郷　上五島航空気象観測所,33,0.8,129,11.5
84341,長崎,有川,アリカワ,南松浦郡新上五島町有川郷字上原,32,58.9,129,7.1
84356,長崎,大瀬戸,オオセト,西海市大瀬戸町多以良外郷先野元,32,56.9,129,37.9
84361,長崎,長浦岳,ナガウラダケ,長崎市神浦北大中尾町上アマサキ,32,54.5,129,44.3
84371,長崎,大村,オオムラ,大村市箕島町　長崎航空気象観測所,32,55,129,54.8
84441,長崎,諫早,イサハヤ,諫早市馬渡町,32,50.6,130,1.5
84496,長崎,長崎,ナガサキ,長崎市南山手町　長崎地方気象台,32,44,129,52
84519,長崎,雲仙岳,ウンゼンダケ,雲仙市小浜町雲仙　雲仙岳特別地域気象観測所,32,44.2,130,15.7
84523,長崎,島原,シマバラ,島原市新湊,32,45.6,130,21.7
84536,長崎,福江,フクエ,五島市木場町　福江特別地域気象観測所,32,41.6,128,49.6
84537,長崎,上大津,カミオオヅ,五島市上大津町　福江航空気象観測所,32,39.9,128,49.9
84561,長崎,口之津,クチノツ,南島原市口之津町丁,32,36.7,130,11.6
84596,長崎,野母崎,ノモザキ,長崎市野母町,32,34.7,129,44.4
85033,佐賀,唐津,カラツ,唐津市二夕子,33,27.5,129,57.3
85046,佐賀,北山,ホクザン,佐賀市富士町大字関屋字中島,33,24.8,130,13.2
85106,佐賀,鳥栖,トス,鳥栖市田代外町,33,23.1,130,31
85116,佐賀,伊万里,イマリ,伊万里市立花町,33,16,129,52.7
85142,佐賀,佐賀,サガ,佐賀市駅前中央　佐賀地方気象台,33,15.9,130,18.3
85161,佐賀,嬉野,ウレシノ,嬉野市嬉野町大字下野丙,33,7,129,59.7
85166,佐賀,白石,シロイシ,杵島郡白石町大字福田,33,11,130,8.9
85176,佐賀,川副,カワソエ,佐賀市川副町大字犬井道字国造搦　佐賀航空気象観測所,33,8.9,130,18.1
86006,熊本,鹿北,カホク,山鹿市鹿北町岩野,33,6.9,130,41.5
86066,熊本,南小国,ミナミオグニ,阿蘇郡南小国町赤馬場,33,6.2,131,4
86086,熊本,岱明,タイメイ,玉名市岱明町中土,32,54.9,130,30.7
86101,熊本,菊池,キクチ,菊池市木柑子字上辻,32,56.7,130,46.9
86111,熊本,阿蘇乙姫,アソオトヒメ,阿蘇市乙姫,32,56.4,131,2.4
86141,熊本,熊本,クマモト,熊本市中央区京町　熊本地方気象台,32,48.8,130,42.4
86146,熊本,益城,マシキ,上益城郡益城町大字小谷字上大道　熊本航空気象観測所,32,50.2,130,51.3
86156,熊本,阿蘇山,アソサン,阿蘇郡南阿蘇村大字中松字古坊中　阿蘇山特別地域気象観測所,32,52.8,131,4.4
86157,熊本,南阿蘇,ミナミアソ,阿蘇郡南阿蘇村河陰,32,49.9,131,0.8
86161,熊本,高森,タカモリ,阿蘇郡高森町大字高森,32,49.3,131,7.5
86181,熊本,宇土,ウト,宇土市馬之瀬町,32,42,130,39.4
86197,熊本,山都,ヤマト,上益城郡山都町原突角,32,42.7,130,57.5
86216,熊本,三角,ミスミ,宇城市三角町波多,32,36.7,130,28.7
86236,熊本,甲佐,コウサ,上益城郡甲佐町大字豊内,32,38.7,130,48.6
86271,熊本,松島,マツシマ,上天草市松島町阿村,32,30.9,130,26.8
86316,熊本,本渡,ホンド,天草市本渡町本戸馬場,32,28.1,130,10.8
86336,熊本,八代,ヤツシロ,八代市平山新町,32,28.4,130,36.4
86396,熊本,田浦,タノウラ,葦北郡芦北町大字田浦町字八幡の元,32,21.8,130,30.5
86407,熊本,山江,ヤマエ,球磨郡山江村大字万江字屋形,32,18.1,130,44.8
86411,熊本,五木,イツキ,球磨郡五木村甲字下手,32,23.7,130,49.6
86451,熊本,水俣,ミナマタ,水俣市南福寺,32,12.3,130,24.4
86461,熊本,一勝地,イッショウチ,球磨郡球磨村大字一勝地丙字永崎,32,14.7,130,38.7
86467,熊本,人吉,ヒトヨシ,人吉市城本町　人吉特別地域気象観測所,32,13,130,45.3
86477,熊本,上,ウエ,球磨郡あさぎり町上北,32,13.5,130,54.3
86478,熊本,多良木,タラギ,球磨郡多良木町大字黒肥地字祓川,32,17.7,130,57
86481,熊本,湯前横谷,ユノマエヨコタニ,球磨郡湯前町猪鹿倉山,32,15.8,131,2.6
86491,熊本,牛深,ウシブカ,天草市牛深町　牛深特別地域気象観測所,32,11.8,130,1.6
87041,宮崎,高千穂,タカチホ,西臼杵郡高千穂町大字押方字宮野原,32,42.7,131,17.4
87066,宮崎,古江,フルエ,延岡市北浦町古江,32,42.7,131,49.2
87071,宮崎,鞍岡,クラオカ,西臼杵郡五ヶ瀬町大字鞍岡,32,38.6,131,9.4
87086,宮崎,日之影,ヒノカゲ,西臼杵郡日之影町大字七折字滝上下,32,40.9,131,24.4
87127,宮崎,諸塚,モロツカ,東臼杵郡諸塚村大字家代,32,31,131,20.1
87136,宮崎,北方,キタカタ,延岡市北方町川水流卯,32,33.7,131,31.5
87141,宮崎,延岡,ノベオカ,延岡市天神小路　延岡特別地域気象観測所,32,34.9,131,39.4
87157,宮崎,椎葉,シイバ,東臼杵郡椎葉村大字下福良,32,28.5,131,6.2
87181,宮崎,日向,ヒュウガ,日向市大字塩見字出兼,32,24.5,131,36
87206,宮崎,神門,ミカド,東臼杵郡美郷町南郷区神門,32,23.1,131,19.9
87231,宮崎,西米良,ニシメラ,児湯郡西米良村大字竹原,32,14.5,131,9.1
87251,宮崎,都農,ツノ,児湯郡都農町大字川北,32,17,131,32.5
87293,宮崎,高鍋,タカナベ,児湯郡高鍋町上江,32,7.4,131,28.5
87301,宮崎,加久藤,カクトウ,えびの市大字永山,32,2.8,130,48.6
87331,宮崎,西都,サイト,西都市大字黒生野,32,3.8,131,24.8
87346,宮崎,えびの,エビノ,えびの市大字末永,31,56.7,130,50.4
87352,宮崎,小林,コバヤシ,小林市南西方,32,0,130,57.2
87361,宮崎,野尻,ノジリ,小林市野尻町大字紙屋,31,57.4,131,9.4
87371,宮崎,国富,クニトミ,東諸県郡国富町大字須志田,32,0.4,131,17.8
87376,宮崎,宮崎,ミヤザキ,宮崎市霧島　宮崎地方気象台,31,56.3,131,24.8
87406,宮崎,田野,タノ,宮崎市田野町甲,31,50.6,131,18.5
87412,宮崎,赤江,アカエ,宮崎市大字赤江　宮崎航空気象観測所,31,52.6,131,26.9
87426,宮崎,都城,ミヤコノジョウ,都城市菖蒲原町　都城特別地域気象観測所,31,43.8,131,4.9
87461,宮崎,深瀬,フカセ,日南市大字酒谷甲,31,38.2,131,15
87492,宮崎,油津,アブラツ,日南市油津　油津特別地域気象観測所,31,34.7,131,24.4
87501,宮崎,串間,クシマ,串間市大字西方字平山,31,27.9,131,13.2
88061,鹿児島,阿久根,アクネ,阿久根市赤瀬川　阿久根特別地域気象観測所,32,1.6,130,12
88066,鹿児島,出水,イズミ,出水市緑町,32,5.6,130,21.1
88081,鹿児島,大口,オオクチ,伊佐市大口原田,32,2.8,130,37.6
88101,鹿児島,紫尾山,シビサン,薩摩郡さつま町平川大洞国有林,31,58.8,130,22
88107,鹿児島,さつま柏原,サツマカシワバル,薩摩郡さつま町柏原,31,55,130,27.3
88131,鹿児島,中甑,ナカコシキ,薩摩川内市上甑町中甑,31,50.1,129,52
88151,鹿児島,川内,センダイ,薩摩川内市中郷,31,50,130,18.9
88166,鹿児島,溝辺,ミゾベ,霧島市溝辺町麓　鹿児島航空測候所,31,48.2,130,43.1
88211,鹿児島,八重山,ヤエヤマ,薩摩川内市入来町浦之名字大谷,31,44.8,130,26.3
88261,鹿児島,東市来,ヒガシイチキ,日置市東市来町湯田,31,40.1,130,19.7
88286,鹿児島,牧之原,マキノハラ,霧島市福山町福山,31,39.7,130,50.6
88317,鹿児島,鹿児島,カゴシマ,鹿児島市東郡元町　鹿児島地方気象台,31,33.3,130,32.8
88331,鹿児島,輝北,キホク,鹿屋市輝北町市成,31,35.3,130,51.3
88341,鹿児島,大隅,オオスミ,曽於市大隅町境木町,31,34.8,131,0.3
88371,鹿児島,加世田,カセダ,南さつま市加世田東本町,31,24.9,130,19.5
88392,鹿児島,吉ケ別府,ヨシガベップ,鹿屋市下高隈町吉ケ別府,31,27.7,130,51.6
88406,鹿児島,志布志,シブシ,志布志市志布志町志布志字杉の下,31,28.7,131,5.7
88432,鹿児島,喜入,キイレ,鹿児島市喜入中名町,31,23.2,130,32.4
88442,鹿児島,鹿屋,カノヤ,鹿屋市寿,31,23.5,130,51.8
88447,鹿児島,肝付前田,キモツキマエダ,肝属郡肝付町前田,31,20.4,130,56.3
88466,鹿児島,枕崎,マクラザキ,枕崎市高見町　枕崎特別地域気象観測所,31,16.3,130,17.5
88486,鹿児島,指宿,イブスキ,指宿市十町,31,15,130,38.2
88506,鹿児島,内之浦,ウチノウラ,肝属郡肝付町北方,31,16.6,131,3.3
88536,鹿児島,田代,タシロ,肝属郡錦江町田代麓,31,11.9,130,50.6
88551,鹿児島,佐多,サタ,肝属郡南大隅町佐多伊座敷,31,5.6,130,41.4
88612,鹿児島,種子島,タネガシマ,西之表市西之表　種子島特別地域気象観測所,30,43.2,130,58.9
88621,鹿児島,中種子,ナカタネ,熊毛郡中種子町砂中　種子島航空気象観測所,30,36.3,130,59.5
88666,鹿児島,上中,カミナカ,熊毛郡南種子町中之下,30,24.4,130,54.1
88686,鹿児島,屋久島,ヤクシマ,熊毛郡屋久島町小瀬田　屋久島特別地域気象観測所,30,23.1,130,39.5
88706,鹿児島,尾之間,オノアイダ,熊毛郡屋久島町尾之間浜道,30,14.1,130,33.3
88736,鹿児島,中之島,ナカノシマ,鹿児島郡十島村中之島,29,50.4,129,52
88746,鹿児島,平島,タイラジマ,鹿児島郡十島村平島,29,41,129,31.7
88756,鹿児島,諏訪之瀬島,スワノセジマ,鹿児島郡十島村諏訪之瀬島,29,36.6,129,42.3
88776,鹿児島,小宝島,コダカラジマ,鹿児島郡十島村小宝島,29,13.5,129,19.7
88781,鹿児島,宝島,タカラジマ,鹿児島郡十島村宝島,29,9.1,129,12.1
88821,鹿児島,笠利,カサリ,奄美市笠利町大字和野字長浜金久　奄美航空気象観測所,28,25.8,129,42.7
88836,鹿児島,名瀬,ナゼ,奄美市名瀬港町　名瀬測候所,28,22.7,129,29.7
88851,鹿児島,喜界島,キカイジマ,大島郡喜界町大字中里西牧　喜界航空気象観測所,28,19.2,129,55.6
88901,鹿児島,古仁屋,コニヤ,大島郡瀬戸内町古仁屋船津,28,8.6,129,18.9
88931,鹿児島,天城,アマギ,大島郡天城町大字浅間字湾屋　徳之島航空気象観測所,27,50.1,128,52.8
88956,鹿児島,伊仙,イセン,大島郡伊仙町面縄,27,40.6,128,58.4
88971,鹿児島,沖永良部,オキノエラブ,大島郡和泊町国頭字手付　沖永良部特別地域気象観測所,27,25.9,128,42.3
88986,鹿児島,与論島,ヨロンジマ,大島郡与論町立長　与論航空気象観測所,27,2.6,128,24.1
91011,沖縄,伊是名,イゼナ,島尻郡伊是名村字内花,26,56.9,127,56.4
91021,沖縄,奥,オク,国頭郡国頭村奥,26,50.1,128,16.3
91046,沖縄,国頭,クニガミ,国頭郡国頭村比地,26,43.7,128,10.7
91066,沖縄,本部,モトブ,国頭郡本部町謝花,26,41.1,127,53.9
91081,沖縄,東,ヒガシ,国頭郡東村字平良,26,37.9,128,9.2
91096,沖縄,粟国,アグニ,島尻郡粟国村字浜　粟国航空気象観測所,26,35.5,127,14.4
91107,沖縄,名護,ナゴ,名護市宮里　名護特別地域気象観測所,26,35.6,127,57.9
91121,沖縄,読谷,ヨミタン,中頭郡読谷村字波平,26,24.4,127,44
91141,沖縄,北原,キタハラ,島尻郡久米島町字北原　久米島航空気象観測所,26,21.8,126,42.8
91146,沖縄,久米島,クメジマ,島尻郡久米島町字謝名堂　久米島特別地域気象観測所,26,20.2,126,48.2
91151,沖縄,渡名喜,トナキ,島尻郡渡名喜村,26,22.4,127,8.5
91161,沖縄,胡屋,ゴヤ,沖縄市胡屋,26,19.6,127,48.3
91166,沖縄,宮城島,ミヤギジマ,うるま市与那城上原阪上,26,21.8,127,58.3
91181,沖縄,渡嘉敷,トカシキ,島尻郡渡嘉敷村渡嘉敷,26,12.6,127,21.8
91197,沖縄,那覇,ナハ,那覇市樋川　沖縄気象台,26,12.4,127,41.2
91216,沖縄,慶良間,ケラマ,島尻郡座間味村字慶留間　慶良間航空気象観測所,26,10.1,127,17.6
91236,沖縄,安次嶺,アシミネ,那覇市字安次嶺　那覇航空測候所,26,11.7,127,38.7
91241,沖縄,糸数,イトカズ,南城市玉城字糸数西赤津川原,26,9.2,127,45.9
92006,沖縄,北大東,キタダイトウ,島尻郡北大東村字南　北大東航空気象観測所,25,56.6,131,19.6
92011,沖縄,南大東,ミナミダイトウ,島尻郡南大東村在所　南大東島地方気象台,25,49.7,131,13.7
92012,沖縄,旧東,キュウトウ,島尻郡南大東村字旧東　南大東航空気象観測所,25,50.8,131,15.8
93012,沖縄,下地,シモジ,宮古島市伊良部字佐和田　下地島航空気象観測所,24,49.6,125,8.6
93041,沖縄,宮古島,ミヤコジマ,宮古島市平良字下里　宮古島地方気象台,24,47.6,125,16.7
93042,沖縄,鏡原,カガミハラ,宮古島市平良字下里　宮古航空気象観測所,24,46.9,125,17.7
93051,沖縄,城辺,グスクベ,宮古島市城辺字新城,24,44.6,125,24.6
93062,沖縄,仲筋,ナカスジ,宮古郡多良間村仲筋　多良間航空気象観測所,24,39.2,124,40.5
94001,沖縄,伊原間,イバルマ,石垣市伊原間,24,30.5,124,16.8
94011,沖縄,所野,トコロノ,八重山郡与那国町字与那国　与那国航空気象観測所,24,28,122,58.7
94017,沖縄,与那国島,ヨナグニジマ,八重山郡与那国町与那国　与那国島特別地域気象観測所,24,28,123,0.6
94036,沖縄,川平,カビラ,石垣市川平,24,28,124,8.4
94062,沖縄,西表島,イリオモテジマ,八重山郡竹富町字上原宇那利崎　西表島特別地域気象観測所,24,25.6,123,45.9
94081,沖縄,石垣島,イシガキジマ,石垣市登野城　石垣島地方気象台,24,20.2,124,9.8
94086,沖縄,盛山,モリヤマ,石垣市字盛山東牛種子　石垣航空気象観測所,24,23.7,124,14.7
94101,沖縄,大原,オオハラ,八重山郡竹富町南風見,24,15.9,123,52.3
94116,沖縄,波照間,ハテルマ,八重山郡竹富町波照間,24,3.3,123,46
94121,沖縄,志多阿原,シタアバル,八重山郡竹富町字波照間志多阿原　波照間航空気象観測所,24,3.5,123,48.2